id_zone;geo_code
001001;34172
001002;34172
001003;34172
001004;34172
001005;34172
001006;34172
001007;34172
001008;34172
001009;34172
001010;34172
001011;34172
002001;34172
002002;34172
002003;34172
002004;34172
002005;34172
002006;34172
002007;34172
003001;34172
003002;34172
003003;34172
003004;34172
003005;34172
003006;34172
003007;34172
003008;34172
003009;34172
003010;34172
003011;34172
003012;34172
003013;34172
003014;34172
003015;34172
003016;34172
003017;34172
003018;34172
004001;34172
004002;34172
004003;34172
005001;34172
005002;34172
005003;34172
005004;34172
005005;34172
005006;34172
006001;34172
006002;34172
006003;34172
006004;34172
006005;34172
006006;34172
006007;34172
006008;34172
006009;34172
006010;34172
006011;34172
006012;34172
006013;34172
006014;34172
006015;34172
006016;34172
007001;34172
007002;34172
007003;34172
007004;34172
007005;34172
007006;34172
007007;34172
007008;34172
007009;34172
007010;34172
008001;34172
008002;34172
008003;34172
009001;34172
009002;34172
009003;34172
009004;34172
009005;34172
009006;34172
009007;34172
009008;34172
009009;34172
009010;34172
010001;34172
010002;34172
010003;34172
010004;34172
010005;34172
010006;34172
010007;34172
010008;34172
011001;34172
011002;34172
011003;34172
011004;34172
011005;34172
011006;34172
011007;34172
011008;34172
011009;34172
012001;34172
012002;34172
012003;34172
012004;34172
012005;34172
012006;34172
012007;34172
012008;34172
012009;34172
012010;34172
012011;34172
012012;34172
012013;34172
013001;34172
013002;34172
013003;34172
013004;34172
013005;34172
013006;34172
013007;34172
013008;34172
013009;34172
013010;34172
013011;34172
014001;34172
014002;34172
014003;34172
014004;34172
014005;34172
014006;34172
014007;34172
014008;34172
014009;34172
014010;34172
015001;34172
015002;34172
015003;34172
015004;34172
015005;34172
015006;34172
015007;34172
016001;34172
016002;34172
016003;34172
016004;34172
016005;34172
016006;34172
016007;34172
017001;34172
017002;34172
017003;34172
017004;34172
017005;34172
017006;34172
017007;34172
017008;34172
017009;34172
017010;34172
017011;34172
017012;34172
018001;34172
018002;34172
018003;34172
018004;34172
018005;34172
018006;34172
018007;34172
018008;34172
019001;34172
019002;34172
019003;34172
019004;34172
019005;34172
019006;34172
019007;34172
019008;34172
019009;34172
020001;34172
020002;34172
020003;34172
020004;34172
021001;34172
021002;34172
021003;34172
022001;34172
022002;34172
022003;34172
022004;34172
022005;34172
022006;34172
022007;34172
022008;34172
022009;34172
022010;34172
023001;34172
023002;34172
023003;34172
023004;34172
023005;34172
023006;34172
024001;34172
024002;34172
024003;34172
024004;34172
024005;34172
025001;34172
025002;34172
025003;34172
025004;34172
025005;34172
025006;34172
025007;34172
025008;34172
025009;34172
025010;34172
025011;34172
025012;34172
025013;34172
026001;34172
026002;34172
026003;34172
026004;34172
026005;34172
026006;34172
026007;34172
026008;34172
026009;34172
026010;34172
026011;34172
026012;34172
027001;34172
027002;34172
027003;34172
027004;34172
027005;34172
027006;34172
027007;34172
027008;34172
027009;34172
027010;34172
028001;34172
028002;34172
028003;34172
028004;34172
028005;34172
028006;34172
028007;34172
028008;34172
028009;34172
028010;34172
028011;34172
028012;34172
028013;34172
028014;34172
029001;34057
029002;34057
029003;34057
029004;34057
029005;34057
030001;34057
030002;34057
030003;34057
030004;34057
031001;34154
031002;34154
031003;34154
031004;34154
032001;34154
032002;34154
032003;34154
032004;34154
032005;34154
032006;34154
032007;34154
032008;34154
032009;34154
032010;34154
032011;34240
032012;34240
032013;34240
032014;34240
033001;34129
033002;34129
033003;34129
033004;34129
033005;34129
033006;34129
033007;34129
033008;34129
033009;34129
033010;34129
033011;34129
033012;34129
033013;34129
033014;34129
033015;34129
033016;34129
033017;34129
033018;34129
033019;34129
034001;34129
034002;34129
034003;34129
034004;34129
034005;34129
035001;34270
035002;34270
035003;34270
035004;34270
035005;34270
035006;34270
035007;34270
035008;34270
035009;34270
035010;34270
036001;34090
036002;34090
036003;34090
036004;34090
036005;34090
036006;34090
036007;34090
036008;34090
036009;34090
037001;34327
037002;34327
037003;34327
037004;34327
037005;34327
037006;34327
037007;34327
037008;34327
037009;34327
037010;34327
037011;34058
037012;34058
037013;34058
037014;34058
037015;34058
037016;34058
037017;34058
037018;34058
037019;34058
037020;34058
037021;34058
037022;34058
038001;34123
038002;34123
038003;34123
038004;34123
038005;34123
038006;34123
038007;34123
038008;34123
039001;34116
039002;34116
039003;34116
039004;34116
039005;34116
040001;34255
040002;34255
040003;34255
040004;34255
040005;34255
040006;34255
040007;34255
040008;34255
040009;34255
040010;34255
040011;34255
040012;34255
040013;34255
040014;34247
040015;34247
040016;34247
040017;34247
040018;34247
041001;34169
041002;34169
041003;34169
041004;34169
041005;34169
041006;34217
041007;34217
041008;34217
041009;34217
041010;34217
042001;34120
042002;34120
042003;34120
042004;34120
042005;34120
043001;34198
043002;34198
043003;34198
043004;34198
043005;34198
043006;34198
043007;34198
043008;34198
043009;34198
043010;34198
043011;34198
043012;34198
043013;34198
044001;34192
044002;34192
044003;34192
044004;34192
044005;34192
044006;34192
044007;34192
045001;34337
045002;34337
045003;34337
045004;34337
045005;34337
045006;34337
045007;34337
045008;34337
045009;34337
045010;34337
046001;34095
046002;34095
046003;34095
046004;34095
046005;34095
046006;34095
046007;34095
046008;34095
046009;34095
047001;34134
047002;34134
047003;34134
047004;34134
047005;34295
047006;34295
047007;34202
047008;34202
047009;34202
047010;34202
047011;34202
047012;34202
047013;34202
047014;34202
048001;34087
048002;34087
048003;34087
048004;34088
048005;34088
048006;34088
048007;34088
048008;34088
049001;34259
049002;34259
049003;34259
049004;34259
049005;34259
049006;34259
049007;34259
049008;34179
049009;34179
049010;34179
049011;34179
050001;34082
050002;34082
050003;34163
050004;34163
050005;34163
051001;34309
051002;34309
051003;34309
051004;34309
051005;34309
052001;34014
052002;34014
052003;34014
052004;34118
052005;34290
052006;34290
052007;34314
052008;34276
052009;34276
052010;34276
052011;34276
052012;34276
052013;34276
053001;34164
053002;34164
053003;34164
053004;34164
053005;34249
053006;34249
053007;34249
053008;34249
053009;34249
053010;34249
053011;34249
053012;34307
053013;34307
053014;34307
053015;34307
053016;34027
053017;34027
053018;34027
053019;34027
053020;34227
053021;34227
053022;34227
053023;34227
053024;34256
053025;34256
053026;34256
053027;34256
053028;34256
054001;34022
054002;34022
054003;34022
054004;34022
054005;34022
054006;34022
054007;34022
054008;34022
054009;34022
054010;34244
054011;34244
054012;34244
055001;34176
055002;34176
055003;34176
055004;34176
055005;34127
055006;34127
055007;34050
055008;34050
056001;34344
056002;34344
056003;34344
056004;34344
056005;34344
056006;34344
056007;34344
056008;34344
056009;34344
056010;34344
056011;34344
056012;34344
056013;34344
057001;34077
057002;34077
057003;34077
057004;34077
057005;34077
057006;34077
057007;34077
058001;34151
058002;34151
058003;34151
058004;34151
058005;34151
058006;34151
058007;34151
058008;34151
058009;34151
058010;34151
058011;34151
058012;34151
058013;34272
058014;34272
058015;34272
058016;34272
058017;34280
058018;34280
059001;34145
059002;34145
059003;34145
059004;34145
059005;34145
059006;34145
059007;34145
060001;34145
060002;34145
060003;34145
060004;34145
060005;34145
060006;34145
060007;34145
060008;34145
060009;34145
060010;34145
061001;34296
061002;34296
061003;34033
061004;34033
061005;34033
061006;34033
061007;34033
061008;34033
061009;34288
061010;34288
061011;34246
061012;34246
061013;34246
061014;34246
061015;34340
061016;34340
061017;34340
061018;34340
061019;34340
061020;34294
061021;34294
061022;34294
061023;34246
061024;34246
061025;34146
061026;34146
061027;34146
061028;34146
061029;34321
061030;34321
062001;34195
062002;34264
062003;34264
062004;34264
062005;34238
062006;34060
062007;34060
062008;34060
062009;34274
062010;34274
062011;34274
062012;34274
062013;34274
062014;34274
062015;34274
062016;34343
062017;34343
062018;34343
062019;34343
062020;34342
062021;34185
062022;34185
062023;34185
062024;34185
062025;34236
062026;34099
062027;34078
062028;34078
062029;34078
062030;34131
062031;34297
062032;34322
062033;34102
062034;34248
062035;34318
062036;34318
062037;34242
062038;34242
062039;34242
062040;34110
062041;34110
062042;34110
062043;34112
062044;34048
062045;34043
062046;34043
062047;34263
062048;34265
062049;34152
063001;34066
063002;34266
063003;34153
063004;34153
063005;34153
063006;34153
063007;34177
063008;34320
063009;34320
064001;34282
064002;34282
064003;34282
064004;34282
064005;34035
064006;34035
064007;34035
064008;34010
064009;34010
064010;34010
064011;34010
064012;34221
064013;34221
064014;34221
064015;34012
064016;34012
064017;34012
064018;34012
064019;34267
064020;34267
064021;34267
064022;34125
064023;34261
064024;34173
064025;34173
064026;34173
064027;34011
064028;34011
064029;34287
064030;34287
064031;34287
064032;34122
064033;34262
065001;34114
065002;34114
065003;34114
065004;34114
065005;34239
065006;34239
065007;34239
065008;34239
065009;34239
065010;34239
066001;34215
066002;34215
066003;34208
066004;34208
066005;34241
066006;34241
066007;34210
066008;34210
066009;34210
066010;34328
066011;34328
066012;34016
066013;34281
066014;34281
066015;34281
066016;34281
066017;34047
066018;34047
066019;34204
066020;34204
066021;34029
066022;34029
066023;34222
066024;34313
066025;34313
067001;34165
067002;34165
067003;34165
067004;34341
067005;34341
067006;34341
067007;34213
067008;34213
067009;34213
067010;34213
067011;34213
067012;34213
067013;34213
067014;34213
067015;34213
067016;34039
067017;34039
067018;34039
067019;34143
067020;34143
067021;34143
067022;34143
068001;34157
068002;34157
068003;34157
068004;34157
068005;34157
068006;34157
068007;34157
068008;34157
068009;34157
068010;34157
068011;34157
068012;34157
069001;34159
069002;34159
069003;34159
069004;34333
069005;34333
069006;34333
069007;34333
069008;34333
069009;34333
069010;34333
069011;34333
069012;34333
070001;34113
070002;34113
070003;34113
070004;34024
070005;34024
070006;34024
070007;34024
070008;34024
070009;34024
070010;34024
070011;34024
070012;34023
070013;34023
070014;34023
070015;34023
070016;34023
070017;34023
070018;34023
070019;34023
070020;34023
070021;34023
070022;34023
070023;34023
070024;34023
071001;34108
071002;34108
071003;34108
071004;34108
071005;34108
072001;34108
072002;34108
072003;34108
072004;34108
072005;34108
072006;34108
072007;34108
073001;34301
073002;34301
073003;34301
073004;34301
073005;34301
073006;34301
074001;34301
074002;34301
074003;34301
074004;34301
074005;34301
074006;34301
075001;34301
075002;34301
075003;34301
075004;34301
075005;34301
075006;34301
075007;34301
075008;34301
075009;34301
075010;34301
075011;34301
075012;34301
075013;34301
075014;34301
075015;34301
075016;34301
076001;34150
076002;34150
076003;34150
076004;34150
076005;34150
076006;34150
076007;34150
076008;34150
076009;34150
076010;34150
076011;34150
076012;34150
076013;34150
076014;34150
076015;34150
076016;34150
076017;34150
077001;34045
077002;34045
077003;34103
077004;34103
077005;34103
077006;34197
077007;34197
077008;34197
077009;34197
077010;34197
077011;34138
077012;34138
077013;34138
077014;34180
077015;34180
077016;34051
077017;34051
077018;34013
077019;34013
077020;34194
077021;34194
077022;34194
077023;34194
077024;34194
077025;34315
078001;34041
078002;34076
078003;34254
078004;34254
078005;34124
078006;34124
078007;34079
078008;34079
078009;34079
078010;34079
078011;34079
078012;34079
078013;34079
078014;34079
078015;34079
078016;34079
078017;34079
078018;34079
078019;34079
078020;34079
078021;34079
078022;34338
078023;34072
078024;34137
078025;34137
078026;34175
078027;34292
078028;34323
078029;34156
078030;34186
078031;34186
078032;34186
078033;34186
079001;34036
079002;34036
079003;34036
079004;34036
079005;34036
079006;34268
079007;34268
079008;34268
079009;34268
079010;34316
079011;34306
079012;34220
079013;34286
079014;34106
079015;34142
079016;34142
079017;34142
079018;34142
079019;34142
079020;34142
079021;34142
079022;34142
079023;34142
079024;34142
079025;34142
079026;34142
079027;34142
079028;34142
079029;34188
079030;34133
079031;34205
079032;34233
079033;34231
079034;34132
079035;34230
079036;34064
079037;34064
079038;34064
079039;34253
079040;34253
079041;34196
079042;34196
079043;34212
079044;34212
079045;34304
079046;34304
079047;34251
079048;34283
079049;34317
079050;34317
079051;34277
079052;34278
079053;34091
079054;34303
080001;34115
080002;34042
080003;34042
080004;34005
080005;34243
080006;34243
080007;34243
080008;34243
080009;34243
080010;34067
080011;34067
080012;34067
080013;34128
080014;34128
080015;34128
080016;34128
080017;34111
080018;34111
080019;34111
080020;34111
080021;34174
080022;34174
080023;34174
080024;34171
101001;34032
101002;34032
101003;34032
101004;34032
102001;34032
102002;34032
102003;34032
102004;34032
102005;34032
103001;34032
103002;34032
103003;34032
103004;34032
104001;34032
104002;34032
104003;34032
105001;34032
105002;34032
105003;34032
106001;34032
106002;34032
106003;34032
106004;34032
107001;34032
107002;34032
107003;34032
107004;34032
107005;34032
108001;34032
108002;34032
108003;34032
108004;34032
108005;34032
108006;34032
108007;34032
108008;34032
108009;34032
108010;34032
109001;34140
109002;34084
109003;34084
109004;34084
109005;34139
109006;34139
109007;34139
109008;34139
109009;34139
109010;34025
109011;34025
109012;34025
109013;34025
110001;34094
110002;34300
110003;34300
110004;34300
110005;34300
110006;34300
110007;34037
110008;34037
110009;34037
111001;34298
111002;34298
111003;34298
111004;34298
111005;34298
111006;34336
111007;34336
111008;34336
111009;34336
111010;34336
111011;34336
111012;34336
111013;34336
111014;34336
111015;34336
111016;34073
111017;34073
111018;34073
111019;34073
111020;34073
111021;34073
112001;34324
112002;34324
112003;34324
112004;34324
112005;34324
112006;34324
112007;34324
112008;34324
112009;34324
112010;34299
112011;34299
112012;34299
112013;34299
112014;34299
112015;34299
112016;34299
112017;34299
112018;34299
112019;34299
113001;34329
113002;34329
113003;34329
113004;34329
113005;34329
113006;34329
113007;34135
113008;34135
113009;34135
113010;34135
113011;34135
113012;34135
113013;34135
113014;34183
113015;34183
113016;34183
113017;34183
113018;34183
113019;34183
113020;34183
114001;34081
114002;34081
114003;34081
114004;34081
114005;34081
114006;34161
114007;34161
114008;34161
114009;34155
114010;34155
114011;34155
115001;34069
115002;34069
115003;34069
115004;34069
115005;34069
115006;34069
115007;34069
115008;34069
115009;34148
115010;34148
115011;34148
115012;34148
115013;34148
115014;34148
115015;34148
115016;34148
115017;34148
115018;34148
115019;34148
115020;34148
116001;34224
116002;34085
116003;34001
116004;34001
116005;34001
116006;34009
116007;34009
116008;34009
116009;34009
116010;34311
116011;34311
116012;34311
116013;34311
116014;34311
116015;34325
116016;34325
116017;34166
116018;34166
116019;34166
117001;34003
117002;34003
117003;34003
117004;34003
117005;34003
117006;34003
117007;34003
117008;34003
118001;34003
118002;34003
118003;34003
118004;34003
119001;34003
119002;34003
119003;34003
119004;34003
119005;34003
119006;34003
119007;34003
119008;34003
119009;34003
119010;34003
119011;34003
119012;34003
119013;34003
119014;34003
119015;34003
119016;34003
119017;34003
119018;34003
119019;34003
119020;34003
119021;34003
119022;34003
119023;34003
119024;34003
119025;34003
119026;34003
119027;34003
120001;34332
120002;34332
120003;34332
120004;34332
120005;34332
120006;34332
120007;34332
120008;34332
120009;34332
120010;34332
120011;34332
120012;34332
120013;34332
120014;34332
120015;34332
120016;34332
120017;34209
120018;34209
120019;34209
120020;34209
120021;34209
120022;34209
120023;34209
120024;34209
120025;34209
121001;34182
121002;34056
121003;34056
121004;34203
121005;34203
121006;34207
121007;34207
121008;34207
121009;34207
121010;34207
121011;34207
121012;34101
121013;34101
121014;34101
121015;34101
121016;34101
121017;34101
121018;34031
121019;34031
121020;34031
121021;34031
121022;34031
121023;34031
121024;34031
121025;34289
121026;34289
121027;34289
122001;34002
122002;34184
122003;34184
122004;34136
122005;34136
122006;34136
122007;34068
122008;34068
122009;34017
122010;34017
122011;34162
122012;34162
122013;34162
122014;34162
122015;34162
122016;34162
122017;34162
122018;34285
122019;34285
122020;34285
123001;34199
123002;34199
123003;34199
123004;34199
123005;34199
123006;34199
123007;34199
123008;34199
123009;34199
123010;34199
123011;34199
123012;34199
123013;34199
123014;34199
123015;34199
123016;34199
123017;34063
123018;34063
123019;34063
123020;34063
124001;34206
124002;34206
124003;34206
124004;34052
124005;34052
124006;34052
124007;34052
124008;34225
124009;34225
124010;34225
124011;34089
124012;34089
124013;34226
124014;34226
124015;34092
124016;34092
124017;34170
124018;34167
125001;34098
125002;34054
125003;34097
125004;34097
125005;34141
125006;34141
125007;34141
125008;34302
125009;34302
125010;34302
125011;34158
125012;34075
125013;34075
125014;34075
125015;34020
125016;34020
125017;34020
125018;34020
125019;34189
125020;34189
125021;34189
125022;34189
125023;34189
125024;34190
125025;34026
125026;34006
125027;34006
125028;34006
125029;34006
125030;34059
125031;34059
125032;34059
125033;34007
125034;34007
125035;34007
125036;34004
125037;34004
125038;34004
126001;34339
126002;34015
126003;34021
126004;34021
126005;34245
126006;34245
126007;34245
126008;34245
126009;34245
126010;34201
126011;34201
126012;34201
126013;34218
126014;34218
126015;34070
126016;34070
126017;34070
126018;34065
126019;34074
126020;34074
126021;34074
126022;34061
126023;34279
126024;34178
126025;34178
126026;34178
126027;34178
126028;34191
126029;34310
126030;34310
127001;34223
127002;34258
127003;34147
127004;34147
127005;34018
127006;34044
127007;34062
127008;34130
127009;34105
127010;34214
127011;34096
127012;34096
127013;34234
127014;34104
127015;34168
127016;34319
127017;34109
127018;34149
127019;34237
127020;34237
127021;34237
127022;34237
127023;34237
127024;34181
127025;34181
127026;34181
128001;34293
128002;34293
128003;34293
128004;34293
128005;34107
128006;34107
128007;34305
128008;34046
128009;34055
128010;34235
128011;34080
128012;34080
128013;34273
128014;34160
128015;34160
128016;34160
128017;34160
128018;34160
128019;34334
128020;34271
128021;34291
128022;34187
128023;34187
128024;34187
128025;34232
128026;34232
128027;34232
128028;34030
128029;34100
128030;34250
128031;34250
128032;34250
128033;34219
128034;34219
128035;34219
128036;34229
128037;34229
128038;34229
128039;34193
128040;34284
128041;34284
128042;34284
128043;34086
128044;34086
128045;34086
128046;34331
128047;34228
128048;34269
128049;34326
128050;34034
129001;34008
129002;34211
129003;34211
129004;34126
129005;34126
129006;34126
129007;34119
129008;34119
129009;34216
129010;34335
129011;34028
129012;34028
129013;34028
129014;34028
129015;34028
129016;34028
129017;34028
129018;34028
129019;34028
129020;34028
129021;34028
129022;34028
129023;34028
129024;34028
129025;34053
129026;34200
130001;34071
130002;34121
130003;34019
130004;34144
130005;34144
130006;34144
130007;34093
130008;34038
130009;34038
130010;34038
130011;34038
130012;34038
130013;34312
130014;34312
130015;34312
130016;34312
130017;34312
130018;34312
130019;34312
130020;34312
130021;34312
130022;34312
130023;34049
130024;34049
130025;34117
130026;34117
130027;34252
130028;34308
130029;34083
130030;34260
130031;34260
130032;34260
130033;34260
130034;34257
130035;34040
200001;30189
200002;30189
200003;30189
200004;30189
200005;30189
200006;30189
200007;30189
200008;30189
200009;30189
200010;30189
200011;30189
200012;30189
200013;30189
200014;30189
200015;30189
200016;30189
200017;30189
200018;30189
200019;30189
200020;30189
900001;01
900002;02
900003;03
900004;04
900005;05
900006;06
900007;07
900008;08
900009;09
900010;10
900012;12
900014;14
900015;15
900016;16
900017;17
900018;18
900019;19
900020;20
900021;21
900022;22
900023;23
900024;24
900025;25
900026;26
900027;27
900028;28
900029;29
900031;31
900032;32
900033;33
900035;35
900036;36
900037;37
900038;38
900039;39
900040;40
900041;41
900042;42
900043;43
900044;44
900045;45
900046;46
900047;47
900049;49
900050;50
900051;51
900052;52
900053;53
900054;54
900055;55
900056;56
900057;57
900058;58
900059;59
900060;60
900061;61
900062;62
900063;63
900064;64
900065;65
900067;67
900068;68
900069;69
900070;70
900071;71
900072;72
900073;73
900074;74
900075;75
900076;76
900077;77
900078;78
900079;79
900080;80
900081;81
900082;82
900083;83
900084;84
900085;85
900086;86
900087;87
900088;88
900089;89
900090;90
900091;91
900092;92
900093;93
900094;94
900095;95
911001;11001
911002;11002
911003;11003
911004;11004
911005;11005
911006;11006
911007;11007
911008;11008
911009;11009
911010;11010
911011;11011
911012;11012
911013;11013
911014;11014
911015;11015
911016;11016
911017;11017
911018;11018
911019;11019
911020;11020
911021;11021
911022;11022
911023;11023
911024;11024
911025;11025
911026;11026
911027;11027
911028;11028
911029;11029
911030;11030
911031;11031
911032;11032
911033;11033
911034;11034
911035;11035
911036;11036
911037;11037
911038;11038
911039;11039
911040;11040
911041;11041
911042;11042
911043;11043
911044;11044
911045;11045
911046;11046
911047;11047
911048;11048
911049;11049
911050;11050
911051;11051
911052;11052
911053;11053
911054;11054
911055;11055
911056;11056
911057;11057
911058;11058
911059;11059
911060;11060
911061;11061
911062;11062
911063;11063
911064;11064
911065;11065
911066;11066
911067;11067
911068;11068
911069;11069
911070;11070
911071;11071
911072;11072
911073;11073
911074;11074
911075;11075
911076;11076
911077;11077
911078;11078
911079;11079
911080;11080
911081;11081
911082;11082
911083;11083
911084;11084
911085;11085
911086;11086
911087;11087
911088;11088
911089;11089
911090;11090
911091;11091
911092;11092
911093;11093
911094;11094
911095;11095
911096;11096
911097;11097
911098;11098
911099;11099
911100;11100
911101;11101
911102;11102
911103;11103
911104;11104
911105;11105
911106;11106
911107;11107
911108;11108
911109;11109
911110;11110
911111;11111
911112;11112
911113;11113
911114;11114
911115;11115
911116;11116
911117;11117
911118;11118
911119;11119
911120;11120
911121;11121
911122;11122
911123;11123
911124;11124
911125;11125
911126;11126
911127;11127
911128;11128
911129;11129
911130;11130
911131;11131
911132;11132
911133;11133
911134;11134
911135;11135
911136;11136
911137;11137
911138;11138
911139;11139
911140;11140
911141;11141
911142;11142
911143;11143
911144;11144
911145;11145
911146;11146
911147;11147
911148;11148
911149;11149
911150;11150
911151;11151
911152;11152
911153;11153
911154;11154
911155;11155
911156;11156
911157;11157
911158;11158
911159;11159
911160;11160
911161;11161
911162;11162
911163;11163
911164;11164
911165;11165
911166;11166
911167;11167
911168;11168
911169;11169
911170;11170
911171;11171
911172;11172
911173;11173
911174;11174
911175;11175
911176;11176
911177;11177
911178;11178
911179;11179
911180;11180
911181;11181
911182;11182
911183;11183
911184;11184
911185;11185
911186;11186
911187;11187
911188;11188
911189;11189
911190;11190
911191;11191
911192;11192
911193;11193
911194;11194
911195;11195
911196;11196
911197;11197
911198;11198
911199;11199
911200;11200
911201;11201
911202;11202
911203;11203
911204;11204
911205;11205
911206;11206
911207;11207
911208;11208
911209;11209
911210;11210
911211;11211
911212;11212
911213;11213
911214;11214
911215;11215
911216;11216
911217;11217
911218;11218
911219;11219
911220;11220
911221;11221
911222;11222
911223;11223
911224;11224
911225;11225
911226;11226
911227;11227
911228;11228
911229;11229
911230;11230
911231;11231
911232;11232
911233;11233
911234;11234
911235;11235
911236;11236
911238;11238
911239;11239
911240;11240
911241;11241
911242;11242
911243;11243
911244;11244
911245;11245
911246;11246
911247;11247
911248;11248
911249;11249
911250;11250
911251;11251
911252;11252
911253;11253
911254;11254
911255;11255
911256;11256
911257;11257
911258;11258
911259;11259
911260;11260
911261;11261
911262;11262
911263;11263
911264;11264
911265;11265
911266;11266
911267;11267
911268;11268
911269;11269
911270;11270
911271;11271
911272;11272
911273;11273
911274;11274
911275;11275
911276;11276
911277;11277
911278;11278
911279;11279
911280;11280
911281;11281
911282;11282
911283;11283
911284;11284
911285;11285
911286;11286
911287;11287
911288;11288
911289;11289
911290;11290
911291;11291
911292;11292
911293;11293
911294;11294
911295;11295
911296;11296
911297;11297
911298;11298
911299;11299
911300;11300
911301;11301
911302;11302
911303;11303
911304;11304
911305;11305
911306;11306
911307;11307
911308;11308
911309;11309
911310;11310
911311;11311
911312;11312
911313;11313
911314;11314
911315;11315
911316;11316
911317;11317
911318;11318
911319;11319
911320;11320
911321;11321
911322;11322
911323;11323
911324;11324
911325;11325
911326;11326
911327;11327
911328;11328
911329;11329
911330;11330
911331;11331
911332;11332
911333;11333
911334;11334
911335;11335
911336;11336
911337;11337
911338;11338
911339;11339
911340;11340
911341;11341
911342;11342
911343;11343
911344;11344
911345;11345
911346;11346
911347;11347
911348;11348
911350;11350
911351;11351
911352;11352
911353;11353
911354;11354
911355;11355
911356;11356
911357;11357
911358;11358
911359;11359
911360;11360
911361;11361
911362;11362
911363;11363
911364;11364
911365;11365
911366;11366
911367;11367
911368;11368
911369;11369
911370;11370
911371;11371
911372;11372
911373;11373
911374;11374
911375;11375
911376;11376
911377;11377
911378;11378
911379;11379
911380;11380
911381;11381
911382;11382
911383;11383
911384;11384
911385;11385
911386;11386
911387;11387
911388;11388
911389;11389
911390;11390
911391;11391
911392;11392
911393;11393
911394;11394
911395;11395
911396;11396
911397;11397
911398;11398
911399;11399
911400;11400
911401;11401
911402;11402
911404;11404
911405;11405
911406;11406
911407;11407
911408;11408
911409;11409
911410;11410
911411;11411
911412;11412
911413;11413
911414;11414
911415;11415
911416;11416
911417;11417
911418;11418
911419;11419
911420;11420
911421;11421
911422;11422
911423;11423
911424;11424
911425;11425
911426;11426
911427;11427
911428;11428
911429;11429
911430;11430
911431;11431
911432;11432
911433;11433
911434;11434
911435;11435
911436;11436
911437;11437
911438;11438
911439;11439
911440;11440
911441;11441
913001;13001
913002;13002
913003;13003
913004;13004
913005;13005
913006;13006
913007;13007
913008;13008
913009;13009
913010;13010
913011;13011
913012;13012
913013;13013
913014;13014
913015;13015
913016;13016
913017;13017
913018;13018
913019;13019
913020;13020
913021;13021
913022;13022
913023;13023
913024;13024
913025;13025
913026;13026
913027;13027
913028;13028
913029;13029
913030;13030
913031;13031
913032;13032
913033;13033
913034;13034
913035;13035
913036;13036
913037;13037
913038;13038
913039;13039
913040;13040
913041;13041
913042;13042
913043;13043
913044;13044
913045;13045
913046;13046
913047;13047
913048;13048
913049;13049
913050;13050
913051;13051
913052;13052
913053;13053
913054;13054
913055;13055
913056;13056
913057;13057
913058;13058
913059;13059
913060;13060
913061;13061
913062;13062
913063;13063
913064;13064
913065;13065
913066;13066
913067;13067
913068;13068
913069;13069
913070;13070
913071;13071
913072;13072
913073;13073
913074;13074
913075;13075
913076;13076
913077;13077
913078;13078
913079;13079
913080;13080
913081;13081
913082;13082
913083;13083
913084;13084
913085;13085
913086;13086
913087;13087
913088;13088
913089;13089
913090;13090
913091;13091
913092;13092
913093;13093
913094;13094
913095;13095
913096;13096
913097;13097
913098;13098
913099;13099
913100;13100
913101;13101
913102;13102
913103;13103
913104;13104
913105;13105
913106;13106
913107;13107
913108;13108
913109;13109
913110;13110
913111;13111
913112;13112
913113;13113
913114;13114
913115;13115
913116;13116
913117;13117
913118;13118
913119;13119
930001;30001
930002;30002
930003;30003
930004;30004
930005;30005
930006;30006
930007;30007
930008;30008
930009;30009
930010;30010
930011;30011
930012;30012
930013;30013
930014;30014
930015;30015
930016;30016
930017;30017
930018;30018
930019;30019
930020;30020
930021;30021
930022;30022
930023;30023
930024;30024
930025;30025
930026;30026
930027;30027
930028;30028
930029;30029
930030;30030
930031;30031
930032;30032
930033;30033
930034;30034
930035;30035
930036;30036
930037;30037
930038;30038
930039;30039
930040;30040
930041;30041
930042;30042
930043;30043
930044;30044
930045;30045
930046;30046
930047;30047
930048;30048
930049;30049
930050;30050
930051;30051
930052;30052
930053;30053
930054;30054
930055;30055
930056;30056
930057;30057
930058;30058
930059;30059
930060;30060
930061;30061
930062;30062
930064;30064
930065;30065
930066;30066
930067;30067
930068;30068
930069;30069
930070;30070
930071;30071
930072;30072
930073;30073
930074;30074
930075;30075
930076;30076
930077;30077
930079;30079
930080;30080
930081;30081
930082;30082
930083;30083
930084;30084
930085;30085
930086;30086
930087;30087
930088;30088
930089;30089
930090;30090
930091;30091
930092;30092
930093;30093
930094;30094
930095;30095
930096;30096
930097;30097
930098;30098
930099;30099
930100;30100
930101;30101
930102;30102
930103;30103
930104;30104
930105;30105
930106;30106
930107;30107
930108;30108
930109;30109
930110;30110
930111;30111
930112;30112
930113;30113
930114;30114
930115;30115
930116;30116
930117;30117
930119;30119
930120;30120
930121;30121
930122;30122
930123;30123
930124;30124
930125;30125
930126;30126
930127;30127
930128;30128
930129;30129
930130;30130
930131;30131
930132;30132
930133;30133
930134;30134
930135;30135
930136;30136
930137;30137
930138;30138
930139;30139
930140;30140
930141;30141
930142;30142
930143;30143
930144;30144
930145;30145
930146;30146
930147;30147
930148;30148
930149;30149
930150;30150
930151;30151
930152;30152
930153;30153
930154;30154
930155;30155
930156;30156
930157;30157
930158;30158
930159;30159
930160;30160
930161;30161
930162;30162
930163;30163
930164;30164
930165;30165
930166;30166
930167;30167
930168;30168
930169;30169
930170;30170
930171;30171
930172;30172
930173;30173
930174;30174
930175;30175
930176;30176
930177;30177
930178;30178
930179;30179
930180;30180
930181;30181
930182;30182
930183;30183
930184;30184
930185;30185
930186;30186
930187;30187
930188;30188
930190;30190
930191;30191
930192;30192
930193;30193
930194;30194
930195;30195
930196;30196
930197;30197
930198;30198
930199;30199
930200;30200
930201;30201
930202;30202
930203;30203
930204;30204
930205;30205
930206;30206
930207;30207
930208;30208
930209;30209
930210;30210
930211;30211
930212;30212
930213;30213
930214;30214
930215;30215
930216;30216
930217;30217
930218;30218
930219;30219
930220;30220
930221;30221
930222;30222
930223;30223
930224;30224
930225;30225
930226;30226
930227;30227
930228;30228
930229;30229
930230;30230
930231;30231
930232;30232
930233;30233
930234;30234
930235;30235
930236;30236
930237;30237
930238;30238
930239;30239
930240;30240
930241;30241
930242;30242
930243;30243
930244;30244
930245;30245
930246;30246
930247;30247
930248;30248
930249;30249
930250;30250
930251;30251
930252;30252
930253;30253
930254;30254
930255;30255
930256;30256
930257;30257
930258;30258
930259;30259
930260;30260
930261;30261
930262;30262
930263;30263
930264;30264
930265;30265
930266;30266
930267;30267
930268;30268
930269;30269
930270;30270
930271;30271
930272;30272
930273;30273
930274;30274
930275;30275
930276;30276
930277;30277
930278;30278
930279;30279
930280;30280
930281;30281
930282;30282
930283;30283
930284;30284
930285;30285
930286;30286
930287;30287
930288;30288
930289;30289
930290;30290
930291;30291
930292;30292
930293;30293
930294;30294
930295;30295
930296;30296
930297;30297
930298;30298
930299;30299
930300;30300
930301;30301
930302;30302
930303;30303
930304;30304
930305;30305
930306;30306
930307;30307
930308;30308
930309;30309
930310;30310
930311;30311
930312;30312
930313;30313
930314;30314
930315;30315
930316;30316
930317;30317
930318;30318
930319;30319
930320;30320
930321;30321
930322;30322
930323;30323
930324;30324
930325;30325
930326;30326
930327;30327
930328;30328
930329;30329
930330;30330
930331;30331
930332;30332
930333;30333
930334;30334
930335;30335
930336;30336
930337;30337
930338;30338
930339;30339
930340;30340
930341;30341
930342;30342
930343;30343
930344;30344
930345;30345
930346;30346
930347;30347
930348;30348
930349;30349
930350;30350
930351;30351
930352;30352
930353;30353
930354;30354
930355;30355
930356;30356
948001;48001
948002;48002
948003;48003
948004;48004
948005;48005
948007;48007
948008;48008
948009;48009
948010;48010
948012;48012
948013;48013
948014;48014
948015;48015
948016;48016
948017;48017
948018;48018
948019;48019
948020;48020
948021;48021
948022;48022
948023;48023
948025;48025
948026;48026
948027;48027
948028;48028
948029;48029
948030;48030
948031;48031
948032;48032
948033;48033
948034;48034
948036;48036
948037;48037
948038;48038
948039;48039
948040;48040
948041;48041
948042;48042
948043;48043
948044;48044
948045;48045
948046;48046
948047;48047
948048;48048
948049;48049
948050;48050
948051;48051
948053;48053
948054;48054
948055;48055
948056;48056
948057;48057
948058;48058
948059;48059
948060;48060
948061;48061
948062;48062
948063;48063
948064;48064
948065;48065
948066;48066
948067;48067
948068;48068
948069;48069
948070;48070
948071;48071
948072;48072
948073;48073
948074;48074
948075;48075
948076;48076
948077;48077
948078;48078
948079;48079
948080;48080
948081;48081
948082;48082
948083;48083
948084;48084
948085;48085
948086;48086
948087;48087
948088;48088
948089;48089
948090;48090
948091;48091
948092;48092
948093;48093
948094;48094
948095;48095
948096;48096
948097;48097
948098;48098
948099;48099
948100;48100
948101;48101
948103;48103
948104;48104
948105;48105
948106;48106
948107;48107
948108;48108
948110;48110
948111;48111
948112;48112
948115;48115
948116;48116
948117;48117
948119;48119
948120;48120
948121;48121
948122;48122
948123;48123
948124;48124
948125;48125
948126;48126
948127;48127
948128;48128
948129;48129
948130;48130
948131;48131
948132;48132
948133;48133
948134;48134
948135;48135
948136;48136
948137;48137
948138;48138
948139;48139
948140;48140
948141;48141
948142;48142
948144;48144
948145;48145
948146;48146
948147;48147
948148;48148
948149;48149
948150;48150
948151;48151
948152;48152
948153;48153
948154;48154
948155;48155
948156;48156
948157;48157
948158;48158
948160;48160
948161;48161
948162;48162
948163;48163
948164;48164
948165;48165
948166;48166
948167;48167
948168;48168
948169;48169
948170;48170
948171;48171
948172;48172
948173;48173
948174;48174
948175;48175
948176;48176
948177;48177
948178;48178
948179;48179
948180;48180
948181;48181
948182;48182
948183;48183
948184;48184
948185;48185
948186;48186
948187;48187
948188;48188
948189;48189
948190;48190
948191;48191
948192;48192
948193;48193
948194;48194
948195;48195
948197;48197
948198;48198
966001;66001
966002;66002
966003;66003
966004;66004
966005;66005
966006;66006
966007;66007
966008;66008
966009;66009
966010;66010
966011;66011
966012;66012
966013;66013
966014;66014
966015;66015
966016;66016
966017;66017
966018;66018
966019;66019
966020;66020
966021;66021
966022;66022
966023;66023
966024;66024
966025;66025
966026;66026
966027;66027
966028;66028
966029;66029
966030;66030
966032;66032
966033;66033
966034;66034
966035;66035
966036;66036
966037;66037
966038;66038
966039;66039
966040;66040
966041;66041
966042;66042
966043;66043
966044;66044
966045;66045
966046;66046
966047;66047
966048;66048
966049;66049
966050;66050
966051;66051
966052;66052
966053;66053
966054;66054
966055;66055
966056;66056
966057;66057
966058;66058
966059;66059
966060;66060
966061;66061
966062;66062
966063;66063
966064;66064
966065;66065
966066;66066
966067;66067
966068;66068
966069;66069
966070;66070
966071;66071
966072;66072
966073;66073
966074;66074
966075;66075
966076;66076
966077;66077
966078;66078
966079;66079
966080;66080
966081;66081
966082;66082
966083;66083
966084;66084
966085;66085
966086;66086
966088;66088
966089;66089
966090;66090
966091;66091
966092;66092
966093;66093
966094;66094
966095;66095
966096;66096
966097;66097
966098;66098
966099;66099
966100;66100
966101;66101
966102;66102
966103;66103
966104;66104
966105;66105
966106;66106
966107;66107
966108;66108
966109;66109
966111;66111
966112;66112
966113;66113
966114;66114
966115;66115
966116;66116
966117;66117
966118;66118
966119;66119
966120;66120
966121;66121
966122;66122
966123;66123
966124;66124
966125;66125
966126;66126
966127;66127
966128;66128
966129;66129
966130;66130
966132;66132
966133;66133
966134;66134
966136;66136
966137;66137
966138;66138
966139;66139
966140;66140
966141;66141
966142;66142
966143;66143
966144;66144
966145;66145
966146;66146
966147;66147
966148;66148
966149;66149
966150;66150
966151;66151
966152;66152
966153;66153
966154;66154
966155;66155
966156;66156
966157;66157
966158;66158
966159;66159
966160;66160
966161;66161
966162;66162
966164;66164
966165;66165
966166;66166
966167;66167
966168;66168
966169;66169
966170;66170
966171;66171
966172;66172
966173;66173
966174;66174
966175;66175
966176;66176
966177;66177
966178;66178
966179;66179
966180;66180
966181;66181
966182;66182
966183;66183
966184;66184
966185;66185
966186;66186
966187;66187
966188;66188
966189;66189
966190;66190
966191;66191
966192;66192
966193;66193
966194;66194
966195;66195
966196;66196
966197;66197
966198;66198
966199;66199
966201;66201
966202;66202
966203;66203
966204;66204
966205;66205
966206;66206
966207;66207
966208;66208
966209;66209
966210;66210
966211;66211
966212;66212
966213;66213
966214;66214
966215;66215
966216;66216
966217;66217
966218;66218
966219;66219
966220;66220
966221;66221
966222;66222
966223;66223
966224;66224
966225;66225
966226;66226
966227;66227
966228;66228
966230;66230
966231;66231
966232;66232
966233;66233
966234;66234
