-- --------------------------------------------------------
-- Hôte:                         127.0.0.1
-- Version du serveur:           10.6.0-MariaDB - mariadb.org binary distribution
-- SE du serveur:                Win64
-- HeidiSQL Version:             11.2.0.6213
-- --------------------------------------------------------

/*!40101 SET @OLD_CHARACTER_SET_CLIENT=@@CHARACTER_SET_CLIENT */;
/*!40101 SET NAMES utf8 */;
/*!50503 SET NAMES utf8mb4 */;
/*!40014 SET @OLD_FOREIGN_KEY_CHECKS=@@FOREIGN_KEY_CHECKS, FOREIGN_KEY_CHECKS=0 */;
/*!40101 SET @OLD_SQL_MODE=@@SQL_MODE, SQL_MODE='NO_AUTO_VALUE_ON_ZERO' */;
/*!40111 SET @OLD_SQL_NOTES=@@SQL_NOTES, SQL_NOTES=0 */;

-- Listage de la structure de la table mobility_raw_data. categories
CREATE TABLE IF NOT EXISTS `categories` (
  `id` int(11) NOT NULL AUTO_INCREMENT,
  `name` varchar(50) DEFAULT NULL,
  `name_fr` varchar(50) DEFAULT NULL,
  `id_reason` int(11) DEFAULT NULL,
  `characteristic_level_0` int(11) DEFAULT 0,
  `characteristic_level_1` int(11) DEFAULT 0,
  `characteristic_level_2` int(11) DEFAULT 0,
  PRIMARY KEY (`id`)
) ENGINE=InnoDB AUTO_INCREMENT=16 DEFAULT CHARSET=utf8;

-- Listage des données de la table mobility_raw_data.categories : ~15 rows (environ)
/*!40000 ALTER TABLE `categories` DISABLE KEYS */;
INSERT INTO `categories` (`id`, `name`, `name_fr`, `id_reason`, `characteristic_level_0`, `characteristic_level_1`, `characteristic_level_2`) VALUES
	(1, 'education', 'éducation', 2, 1, 2, 4),
	(2, 'leisure_outing', 'loisirs', 5, 0, 1, 2),
	(3, 'leisure_food', 'restauration', 5, 0, 1, 1),
	(4, 'activities', 'activités', 5, 0, 1, 1),
	(5, 'shop_food', 'achats alimentaires', 3, 1, 2, 4),
	(6, 'shop_goods', 'achats de biens', 3, 0, 2, 5),
	(7, 'services', 'services', 4, 1, 2, 3),
	(8, 'administrative', 'administratif', 4, 0, 0, 0),
	(9, 'medical_common', 'santé du quotidien', 4, 1, 1, 2),
	(10, 'medical_exceptionnal', 'santé exceptionnelle', 4, 0, 0, 0),
	(11, 'public transport', 'transport en commun', 8, 0, 0, 0),
	(12, 'work', 'travail', 1, 0, 0, 0),
	(13, 'residential', 'résidentiel', 6, 0, 0, 0),
	(14, 'other', 'autre', 8, 0, 0, 0),
	(15, 'home', 'domicile', 10, 0, 0, 0);
/*!40000 ALTER TABLE `categories` ENABLE KEYS */;

-- Listage de la structure de la table mobility_raw_data. educationdatagouv_schools_types
CREATE TABLE IF NOT EXISTS `educationdatagouv_schools_types` (
  `id` int(11) NOT NULL AUTO_INCREMENT,
  `name` varchar(255) DEFAULT NULL,
  `id_type` int(11) DEFAULT NULL,
  `id_category` int(11) DEFAULT 1,
  `daily_visitors` int(11) DEFAULT 50,
  `to_keep` tinyint(4) DEFAULT 0,
  `characteristic` tinyint(4) DEFAULT 0,
  PRIMARY KEY (`id`) USING BTREE
) ENGINE=InnoDB AUTO_INCREMENT=391 DEFAULT CHARSET=utf8 ROW_FORMAT=DYNAMIC;

-- Listage des données de la table mobility_raw_data.educationdatagouv_schools_types : ~31 rows (environ)
/*!40000 ALTER TABLE `educationdatagouv_schools_types` DISABLE KEYS */;
INSERT INTO `educationdatagouv_schools_types` (`id`, `name`, `id_type`, `id_category`, `daily_visitors`, `to_keep`, `characteristic`) VALUES
	(101, 'ECOLE MATERNELLE', 35, 1, 50, 1, 1),
	(102, 'ECOLE MATERNELLE ANNEXE D INSPE', NULL, 1, 50, 0, 0),
	(103, 'ECOLE MATERNELLE D APPLICATION', NULL, 1, 50, 0, 0),
	(151, 'ECOLE DE NIVEAU ELEMENTAIRE', 33, 1, 100, 1, 1),
	(153, 'ECOLE ELEMENTAIRE D APPLICATION', NULL, 1, 50, 0, 0),
	(160, 'ECOLE DE PLEIN AIR', NULL, 1, 50, 0, 0),
	(162, 'ECOLE DE NIVEAU ELEMENTAIRE SPECIALISEE', NULL, 1, 50, 0, 0),
	(169, 'ECOLE REGIONALE DU PREMIER DEGRE', NULL, 1, 50, 0, 0),
	(170, 'ECOLE SANS EFFECTIFS PERMANENTS', NULL, 1, 50, 0, 0),
	(300, 'LYCEE ENSEIGNT GENERAL ET TECHNOLOGIQUE', 37, 1, 500, 1, 1),
	(301, 'LYCEE D ENSEIGNEMENT TECHNOLOGIQUE', 37, 1, 500, 1, 1),
	(302, 'LYCEE D ENSEIGNEMENT GENERAL', 37, 1, 500, 1, 1),
	(306, 'LYCEE POLYVALENT', 37, 1, 500, 1, 1),
	(307, 'LYCEE ENS GENERAL TECHNO PROF AGRICOLE', 37, 1, 500, 1, 1),
	(310, 'LYCEE CLIMATIQUE', NULL, 1, 50, 0, 0),
	(312, 'ECOLE SECONDAIRE SPECIALISEE (2 D CYCLE)', NULL, 1, 50, 0, 0),
	(315, 'LYCEE EXPERIMENTAL', NULL, 1, 50, 0, 0),
	(320, 'LYCEE PROFESSIONNEL', 37, 1, 500, 1, 1),
	(332, 'ECOLE PROFESSIONNELLE SPECIALISEE', NULL, 1, 50, 0, 0),
	(334, 'SECTION D ENSEIGNEMENT PROFESSIONNEL', NULL, 1, 50, 0, 0),
	(335, 'SECTION ENSEIGT GENERAL ET TECHNOLOGIQUE', NULL, 1, 50, 0, 0),
	(340, 'COLLEGE', 36, 1, 200, 1, 1),
	(342, 'GROUPEMENT D OBSERVATION DISPERSE', NULL, 1, 50, 0, 0),
	(344, 'CETAD (TOM)', NULL, 1, 50, 0, 0),
	(345, 'CENTRE DE JEUNES ADOLESCENTS', NULL, 1, 50, 0, 0),
	(349, 'ETABLISSEMENT DE REINSERTION SCOLAIRE', NULL, 1, 50, 0, 0),
	(350, 'COLLEGE CLIMATIQUE', NULL, 1, 50, 0, 0),
	(352, 'COLLEGE SPECIALISE', NULL, 1, 50, 0, 0),
	(370, 'ETAB REGIONAL/LYCEE ENSEIGNEMENT ADAPTE', NULL, 1, 50, 0, 0),
	(380, 'MAISON FAMILIALE RURALE EDUCATION ORIENT', NULL, 1, 50, 0, 0),
	(390, 'SECTION ENSEIGNT GEN. ET PROF. ADAPTE', NULL, 1, 50, 0, 0);
/*!40000 ALTER TABLE `educationdatagouv_schools_types` ENABLE KEYS */;

-- Listage de la structure de la table mobility_raw_data. emd_modes
CREATE TABLE IF NOT EXISTS `emd_modes` (
  `id` int(11) NOT NULL AUTO_INCREMENT,
  `name_fr` varchar(50) DEFAULT NULL,
  `id_main_mode` int(11) DEFAULT NULL,
  PRIMARY KEY (`id`) USING BTREE
) ENGINE=InnoDB AUTO_INCREMENT=10 DEFAULT CHARSET=utf8;

-- Listage des données de la table mobility_raw_data.emd_modes : ~8 rows (environ)
/*!40000 ALTER TABLE `emd_modes` DISABLE KEYS */;
INSERT INTO `emd_modes` (`id`, `name_fr`, `id_main_mode`) VALUES
	(1, 'marche', 1),
	(2, 'vélo', 2),
	(3, 'deux-roues (-50cm3)', 3),
	(4, 'deux-roues (+50cm3)', 3),
	(5, 'voiture conducteur', 4),
	(6, 'voiture passager', 5),
	(7, 'transport en commun urbain', 6),
	(8, 'transport en commun autre', 6),
	(9, 'autre', 7);
/*!40000 ALTER TABLE `emd_modes` ENABLE KEYS */;

-- Listage de la structure de la table mobility_raw_data. emd_reasons
CREATE TABLE IF NOT EXISTS `emd_reasons` (
  `id` int(11) NOT NULL,
  `name_fr` varchar(50) DEFAULT NULL,
  `id_main_reason` int(11) DEFAULT NULL,
  PRIMARY KEY (`id`)
) ENGINE=InnoDB DEFAULT CHARSET=utf8;

-- Listage des données de la table mobility_raw_data.emd_reasons : ~12 rows (environ)
/*!40000 ALTER TABLE `emd_reasons` DISABLE KEYS */;
INSERT INTO `emd_reasons` (`id`, `name_fr`, `id_main_reason`) VALUES
	(0, 'domicile', 10),
	(1, 'travail habituel', 1),
	(2, 'travail inhabituel', 1),
	(3, 'école primaire, collège', 2),
	(4, 'lycée, université', 2),
	(5, 'grande surface', 3),
	(6, 'autre commerce', 3),
	(7, 'accompagnement', 7),
	(8, 'loisirs', 5),
	(9, 'visites', 6),
	(10, 'affaires personnelles', 4),
	(11, 'autre motif', 8);
/*!40000 ALTER TABLE `emd_reasons` ENABLE KEYS */;

-- Listage de la structure de la table mobility_raw_data. esrdatagouv_universities_types
CREATE TABLE IF NOT EXISTS `esrdatagouv_universities_types` (
  `id_univ_type` varchar(50) NOT NULL DEFAULT 'AUTO_INCREMENT',
  `name_univ_type` varchar(255) DEFAULT NULL,
  `id_type` int(11) DEFAULT NULL,
  `id_category` int(11) DEFAULT NULL,
  `characteristic` int(11) DEFAULT 1,
  PRIMARY KEY (`id_univ_type`) USING BTREE
) ENGINE=InnoDB DEFAULT CHARSET=utf8 ROW_FORMAT=DYNAMIC;

-- Listage des données de la table mobility_raw_data.esrdatagouv_universities_types : ~14 rows (environ)
/*!40000 ALTER TABLE `esrdatagouv_universities_types` DISABLE KEYS */;
INSERT INTO `esrdatagouv_universities_types` (`id_univ_type`, `name_univ_type`, `id_type`, `id_category`, `characteristic`) VALUES
	('APPL', 'Ecoles d\'application du premier degré', 58, 1, 1),
	('CFA', 'Centres de formation d\'apprentis', 58, 1, 1),
	('CNED', 'Centres d\'enseignement à distance', 58, 1, 1),
	('CONT', 'Formation continue ou interniveaux', 58, 1, 1),
	('CSAV', 'Corps savants et établissements sans enseignement', 58, 1, 1),
	('EFE', 'Ecoles françaises à l\'étranger', 58, 1, 1),
	('FORP', 'Formation initiale continue des professeurs', 58, 1, 1),
	('GRET', 'Groupement d\'établissements pour la formation continue', 58, 1, 1),
	('ING', 'Ecoles d\'ingénieurs', 58, 1, 1),
	('JS', 'Jeunesse et sports', 58, 1, 1),
	('PBAC', 'Autres écoles post-bac non universitaires', 58, 1, 1),
	('PRES', 'Pôles de recherche et d\'enseignement supérieur', 58, 1, 1),
	('SERV', 'Services communs des universités', 58, 1, 1),
	('UNIV', 'Universités et INP hors écoles d\'ingenieurs', 58, 1, 1);
/*!40000 ALTER TABLE `esrdatagouv_universities_types` ENABLE KEYS */;

-- Listage de la structure de la table mobility_raw_data. insee_aav
CREATE TABLE IF NOT EXISTS `insee_aav` (
  `code` varchar(10) NOT NULL DEFAULT '',
  `name` varchar(50) DEFAULT NULL,
  `type_code` varchar(50) DEFAULT NULL,
  `detailed_type_code` varchar(50) DEFAULT NULL,
  `nb_communes` int(11) DEFAULT NULL,
  `source` varchar(50) DEFAULT NULL,
  PRIMARY KEY (`code`) USING BTREE
) ENGINE=InnoDB DEFAULT CHARSET=utf8;

-- Listage des données de la table mobility_raw_data.insee_aav : ~700 rows (environ)
/*!40000 ALTER TABLE `insee_aav` DISABLE KEYS */;
INSERT INTO `insee_aav` (`code`, `name`, `type_code`, `detailed_type_code`, `nb_communes`, `source`) VALUES
	('000', 'Commune hors attraction des villes', '0', '00', 8928, 'AAV_2020'),
	('001', 'Paris', '5', '50', 1929, 'AAV_2020'),
	('002', 'Lyon', '4', '42', 398, 'AAV_2020'),
	('003', 'Marseille - Aix-en-Provence', '4', '42', 115, 'AAV_2020'),
	('004', 'Lille (partie française)', '4', '42', 201, 'AAV_2020'),
	('005', 'Toulouse', '4', '42', 527, 'AAV_2020'),
	('006', 'Bordeaux', '4', '42', 275, 'AAV_2020'),
	('008', 'Nantes', '4', '41', 116, 'AAV_2020'),
	('010', 'Strasbourg (partie française)', '4', '41', 268, 'AAV_2020'),
	('012', 'Montpellier', '4', '41', 161, 'AAV_2020'),
	('013', 'Rennes', '4', '41', 183, 'AAV_2020'),
	('014', 'Grenoble', '4', '41', 204, 'AAV_2020'),
	('015', 'Rouen', '3', '34', 317, 'AAV_2020'),
	('017', 'Nice', '3', '34', 100, 'AAV_2020'),
	('018', 'Toulon', '3', '34', 35, 'AAV_2020'),
	('019', 'Tours', '3', '34', 162, 'AAV_2020'),
	('020', 'Nancy', '3', '34', 353, 'AAV_2020'),
	('022', 'Clermont-Ferrand', '3', '33', 209, 'AAV_2020'),
	('023', 'Saint-Étienne', '3', '33', 105, 'AAV_2020'),
	('024', 'Caen', '3', '33', 296, 'AAV_2020'),
	('025', 'Orléans', '3', '33', 136, 'AAV_2020'),
	('026', 'Angers', '3', '33', 81, 'AAV_2020'),
	('028', 'Dijon', '3', '33', 333, 'AAV_2020'),
	('029', 'Mulhouse', '3', '33', 132, 'AAV_2020'),
	('030', 'Perpignan', '3', '33', 118, 'AAV_2020'),
	('031', 'Cannes - Antibes', '3', '32', 24, 'AAV_2020'),
	('032', 'Brest', '3', '32', 68, 'AAV_2020'),
	('033', 'Metz', '3', '32', 245, 'AAV_2020'),
	('034', 'Le Mans', '3', '32', 144, 'AAV_2020'),
	('035', 'Amiens', '3', '32', 369, 'AAV_2020'),
	('036', 'Reims', '3', '32', 294, 'AAV_2020'),
	('037', 'Nîmes', '3', '32', 92, 'AAV_2020'),
	('038', 'Valenciennes (partie française)', '3', '32', 102, 'AAV_2020'),
	('039', 'Le Havre', '3', '32', 116, 'AAV_2020'),
	('040', 'Avignon', '3', '32', 48, 'AAV_2020'),
	('041', 'Limoges', '3', '32', 127, 'AAV_2020'),
	('042', 'Lens - Liévin', '3', '32', 50, 'AAV_2020'),
	('043', 'Annecy', '3', '31', 79, 'AAV_2020'),
	('044', 'Pau', '3', '31', 228, 'AAV_2020'),
	('045', 'Besançon', '3', '31', 310, 'AAV_2020'),
	('046', 'Poitiers', '3', '31', 97, 'AAV_2020'),
	('047', 'Bayonne (partie française)', '3', '31', 56, 'AAV_2020'),
	('048', 'Dunkerque', '3', '31', 66, 'AAV_2020'),
	('049', 'Valence', '3', '31', 71, 'AAV_2020'),
	('050', 'Chambéry', '3', '31', 115, 'AAV_2020'),
	('051', 'La Rochelle', '3', '31', 72, 'AAV_2020'),
	('052', 'Quimper', '3', '31', 58, 'AAV_2020'),
	('053', 'Lorient', '3', '31', 31, 'AAV_2020'),
	('054', 'Troyes', '3', '31', 209, 'AAV_2020'),
	('055', 'Saint-Nazaire', '3', '31', 24, 'AAV_2020'),
	('056', 'Saint-Brieuc', '3', '31', 51, 'AAV_2020'),
	('057', 'Vannes', '2', '25', 47, 'AAV_2020'),
	('058', 'Colmar', '2', '25', 95, 'AAV_2020'),
	('059', 'Douai', '2', '25', 61, 'AAV_2020'),
	('060', 'Béziers', '2', '25', 53, 'AAV_2020'),
	('061', 'Montbéliard', '2', '25', 137, 'AAV_2020'),
	('062', 'Angoulême', '2', '25', 94, 'AAV_2020'),
	('063', 'Niort', '2', '25', 91, 'AAV_2020'),
	('064', 'Bourges', '2', '25', 112, 'AAV_2020'),
	('065', 'Chartres', '2', '25', 117, 'AAV_2020'),
	('066', 'La Roche-sur-Yon', '2', '25', 45, 'AAV_2020'),
	('067', 'Cholet', '2', '25', 26, 'AAV_2020'),
	('068', 'Boulogne-sur-Mer', '2', '25', 80, 'AAV_2020'),
	('069', 'Arras', '2', '25', 163, 'AAV_2020'),
	('070', 'Chalon-sur-Saône', '2', '25', 109, 'AAV_2020'),
	('071', 'Cherbourg-en-Cotentin', '2', '25', 77, 'AAV_2020'),
	('072', 'Narbonne', '2', '25', 71, 'AAV_2020'),
	('073', 'Calais', '2', '25', 45, 'AAV_2020'),
	('074', 'Blois', '2', '24', 78, 'AAV_2020'),
	('075', 'Laval', '2', '24', 66, 'AAV_2020'),
	('076', 'Beauvais', '2', '24', 162, 'AAV_2020'),
	('077', 'Maubeuge (partie française)', '2', '24', 65, 'AAV_2020'),
	('078', 'Compiègne', '2', '24', 101, 'AAV_2020'),
	('079', 'Roanne', '2', '24', 88, 'AAV_2020'),
	('080', 'Bourg-en-Bresse', '2', '24', 80, 'AAV_2020'),
	('081', 'Montauban', '2', '24', 50, 'AAV_2020'),
	('082', 'Albi', '2', '24', 91, 'AAV_2020'),
	('083', 'Évreux', '2', '24', 108, 'AAV_2020'),
	('084', 'Mâcon', '2', '24', 105, 'AAV_2020'),
	('085', 'Tarbes', '2', '24', 153, 'AAV_2020'),
	('086', 'Belfort', '2', '24', 91, 'AAV_2020'),
	('087', 'Brive-la-Gaillarde', '2', '24', 80, 'AAV_2020'),
	('088', 'Saint-Malo', '2', '24', 35, 'AAV_2020'),
	('089', 'Alès', '2', '24', 64, 'AAV_2020'),
	('090', 'Charleville-Mézières', '2', '24', 132, 'AAV_2020'),
	('091', 'Carcassonne', '2', '23', 115, 'AAV_2020'),
	('092', 'Fréjus', '2', '23', 6, 'AAV_2020'),
	('093', 'Agen', '2', '23', 81, 'AAV_2020'),
	('094', 'Saint-Quentin', '2', '23', 120, 'AAV_2020'),
	('095', 'Épinal', '2', '23', 118, 'AAV_2020'),
	('096', 'Saint-Omer', '2', '23', 79, 'AAV_2020'),
	('097', 'Nevers', '2', '23', 93, 'AAV_2020'),
	('098', 'Ajaccio', '2', '23', 79, 'AAV_2020'),
	('100', 'Châteauroux', '2', '23', 71, 'AAV_2020'),
	('101', 'Périgueux', '2', '23', 49, 'AAV_2020'),
	('102', 'Auxerre', '2', '23', 104, 'AAV_2020'),
	('103', 'Rodez', '2', '23', 68, 'AAV_2020'),
	('104', 'Bastia', '2', '23', 93, 'AAV_2020'),
	('105', 'Castres', '2', '23', 55, 'AAV_2020'),
	('106', 'Mont-de-Marsan', '2', '23', 101, 'AAV_2020'),
	('107', 'Montélimar', '2', '22', 45, 'AAV_2020'),
	('108', 'Cambrai', '2', '22', 64, 'AAV_2020'),
	('109', 'Montluçon', '2', '22', 58, 'AAV_2020'),
	('110', 'Vichy', '2', '22', 50, 'AAV_2020'),
	('111', 'Dax', '2', '22', 60, 'AAV_2020'),
	('112', 'Châlons-en-Champagne', '2', '22', 97, 'AAV_2020'),
	('113', 'Lannion', '2', '22', 40, 'AAV_2020'),
	('114', 'Dieppe', '2', '22', 62, 'AAV_2020'),
	('115', 'Le Puy-en-Velay', '2', '22', 59, 'AAV_2020'),
	('116', 'Alençon', '2', '22', 89, 'AAV_2020'),
	('117', 'Châtellerault', '2', '22', 44, 'AAV_2020'),
	('118', 'Sens', '2', '22', 65, 'AAV_2020'),
	('119', 'Gap', '2', '22', 73, 'AAV_2020'),
	('120', 'Saintes', '2', '22', 62, 'AAV_2020'),
	('121', 'Sarreguemines (partie française)', '2', '22', 48, 'AAV_2020'),
	('122', 'Moulins', '2', '22', 64, 'AAV_2020'),
	('123', 'Aurillac', '2', '22', 85, 'AAV_2020'),
	('124', 'Saint-Lô', '2', '22', 63, 'AAV_2020'),
	('125', 'Béthune', '2', '22', 23, 'AAV_2020'),
	('126', 'Draguignan', '2', '22', 11, 'AAV_2020'),
	('127', 'Haguenau', '2', '22', 34, 'AAV_2020'),
	('128', 'Soissons', '2', '21', 93, 'AAV_2020'),
	('129', 'Bergerac', '2', '21', 73, 'AAV_2020'),
	('130', 'Montargis', '2', '21', 33, 'AAV_2020'),
	('131', 'Royan', '2', '21', 26, 'AAV_2020'),
	('132', 'Lons-le-Saunier', '2', '21', 139, 'AAV_2020'),
	('133', 'Saumur', '2', '21', 31, 'AAV_2020'),
	('134', 'Dole', '2', '21', 87, 'AAV_2020'),
	('135', 'Salon-de-Provence', '2', '21', 6, 'AAV_2020'),
	('136', 'Laon', '2', '21', 106, 'AAV_2020'),
	('137', 'Manosque', '2', '21', 30, 'AAV_2020'),
	('138', 'Vesoul', '2', '21', 158, 'AAV_2020'),
	('139', 'Les Sables-d\'Olonne', '2', '21', 9, 'AAV_2020'),
	('140', 'Rochefort', '2', '21', 33, 'AAV_2020'),
	('141', 'Romans-sur-Isère', '2', '21', 30, 'AAV_2020'),
	('142', 'Saint-Dié-des-Vosges', '2', '21', 47, 'AAV_2020'),
	('143', 'Aubenas', '2', '21', 68, 'AAV_2020'),
	('144', 'Louviers', '2', '21', 44, 'AAV_2020'),
	('145', 'Auch', '2', '21', 112, 'AAV_2020'),
	('146', 'Saint-Dizier', '2', '21', 72, 'AAV_2020'),
	('147', 'Roussillon', '2', '21', 27, 'AAV_2020'),
	('148', 'Carpentras', '2', '21', 21, 'AAV_2020'),
	('149', 'Morlaix', '2', '21', 24, 'AAV_2020'),
	('150', 'Arles', '2', '21', 4, 'AAV_2020'),
	('151', 'Thonon-les-Bains', '2', '21', 18, 'AAV_2020'),
	('152', 'Cognac', '2', '21', 45, 'AAV_2020'),
	('153', 'Cahors', '2', '21', 78, 'AAV_2020'),
	('154', 'Villeneuve-sur-Lot', '2', '21', 34, 'AAV_2020'),
	('155', 'Ancenis-Saint-Géréon', '2', '21', 12, 'AAV_2020'),
	('156', 'Auchel - Lillers', '2', '21', 29, 'AAV_2020'),
	('157', 'Épernay', '2', '21', 45, 'AAV_2020'),
	('158', 'Sélestat', '2', '21', 37, 'AAV_2020'),
	('159', 'Libourne', '2', '21', 24, 'AAV_2020'),
	('160', 'Chaumont', '2', '21', 112, 'AAV_2020'),
	('161', 'Annonay', '2', '21', 37, 'AAV_2020'),
	('162', 'Lisieux', '2', '21', 57, 'AAV_2020'),
	('163', 'Cluses', '2', '21', 12, 'AAV_2020'),
	('164', 'Abbeville', '2', '21', 73, 'AAV_2020'),
	('165', 'Orange', '2', '21', 10, 'AAV_2020'),
	('166', 'Agde', '2', '21', 6, 'AAV_2020'),
	('167', 'Albertville', '2', '21', 30, 'AAV_2020'),
	('168', 'Oyonnax', '2', '21', 40, 'AAV_2020'),
	('169', 'Vitré', '2', '21', 30, 'AAV_2020'),
	('170', 'Sarrebourg', '2', '21', 87, 'AAV_2020'),
	('171', 'Flers', '2', '21', 38, 'AAV_2020'),
	('172', 'Fougères', '2', '21', 27, 'AAV_2020'),
	('173', 'Les Herbiers', '2', '21', 15, 'AAV_2020'),
	('174', 'Beaune', '2', '21', 64, 'AAV_2020'),
	('175', 'Marmande', '2', '21', 48, 'AAV_2020'),
	('176', 'Montceau-les-Mines', '2', '21', 22, 'AAV_2020'),
	('177', 'Bar-le-Duc', '2', '21', 86, 'AAV_2020'),
	('178', 'Saint-Avold (partie française)', '1', '14', 28, 'AAV_2020'),
	('179', 'Guéret', '1', '14', 72, 'AAV_2020'),
	('180', 'Challans', '1', '14', 12, 'AAV_2020'),
	('181', 'Pontarlier', '1', '14', 56, 'AAV_2020'),
	('182', 'Vendôme', '1', '14', 57, 'AAV_2020'),
	('183', 'Le Creusot', '1', '14', 22, 'AAV_2020'),
	('184', 'Longwy', '1', '14', 23, 'AAV_2020'),
	('185', 'Bagnols-sur-Cèze', '1', '14', 30, 'AAV_2020'),
	('186', 'Granville', '1', '14', 34, 'AAV_2020'),
	('187', 'Dinan', '1', '14', 25, 'AAV_2020'),
	('188', 'Redon', '1', '14', 22, 'AAV_2020'),
	('189', 'Bressuire', '1', '14', 19, 'AAV_2020'),
	('190', 'Pierrelatte', '1', '14', 17, 'AAV_2020'),
	('191', 'Sablé-sur-Sarthe', '1', '14', 39, 'AAV_2020'),
	('192', 'Saint-Hilaire-de-Riez', '1', '14', 13, 'AAV_2020'),
	('193', 'Verdun', '1', '14', 103, 'AAV_2020'),
	('194', 'Issoire', '1', '14', 53, 'AAV_2020'),
	('195', 'Saint-Gaudens', '1', '14', 85, 'AAV_2020'),
	('196', 'Gien', '1', '14', 29, 'AAV_2020'),
	('197', 'Forbach (partie française)', '1', '14', 10, 'AAV_2020'),
	('198', 'Vire Normandie', '1', '14', 20, 'AAV_2020'),
	('199', 'Pamiers', '1', '14', 53, 'AAV_2020'),
	('200', 'Sète', '1', '14', 1, 'AAV_2020'),
	('201', 'Cavaillon', '1', '14', 6, 'AAV_2020'),
	('202', 'Montaigu-Vendée', '1', '14', 8, 'AAV_2020'),
	('203', 'Romorantin-Lanthenay', '1', '14', 29, 'AAV_2020'),
	('204', 'Fontenay-le-Comte', '1', '14', 30, 'AAV_2020'),
	('205', 'Coutances', '1', '14', 37, 'AAV_2020'),
	('206', 'Tulle', '1', '14', 43, 'AAV_2020'),
	('207', 'Pontivy', '1', '14', 16, 'AAV_2020'),
	('208', 'Vierzon', '1', '14', 20, 'AAV_2020'),
	('209', 'Château-Thierry', '1', '14', 52, 'AAV_2020'),
	('210', 'Montbrison', '1', '14', 27, 'AAV_2020'),
	('211', 'Arcachon - La Teste-de-Buch', '1', '14', 2, 'AAV_2020'),
	('212', 'Chemillé-en-Anjou', '1', '14', 2, 'AAV_2020'),
	('213', 'Brignoles', '1', '14', 10, 'AAV_2020'),
	('214', 'Quimperlé', '1', '14', 11, 'AAV_2020'),
	('215', 'Argentan', '1', '14', 50, 'AAV_2020'),
	('216', 'Sedan', '1', '14', 32, 'AAV_2020'),
	('217', 'Thouars', '1', '14', 26, 'AAV_2020'),
	('218', 'Vitry-le-François', '1', '14', 73, 'AAV_2020'),
	('219', 'Mayenne', '1', '14', 27, 'AAV_2020'),
	('220', 'Fécamp', '1', '14', 26, 'AAV_2020'),
	('221', 'Noeux-les-Mines', '1', '14', 8, 'AAV_2020'),
	('222', 'Beaucaire', '1', '14', 5, 'AAV_2020'),
	('223', 'Châteaudun', '1', '14', 25, 'AAV_2020'),
	('224', 'Millau', '1', '14', 23, 'AAV_2020'),
	('225', 'Thiers', '1', '14', 19, 'AAV_2020'),
	('226', 'Figeac', '1', '14', 59, 'AAV_2020'),
	('227', 'La Ferté-Bernard', '1', '14', 37, 'AAV_2020'),
	('228', 'Châteaubriant', '1', '14', 20, 'AAV_2020'),
	('229', 'Loudéac', '1', '14', 22, 'AAV_2020'),
	('230', 'Bernay', '1', '14', 36, 'AAV_2020'),
	('231', 'Pornic', '1', '14', 7, 'AAV_2020'),
	('232', 'Caudry', '1', '14', 17, 'AAV_2020'),
	('233', 'Sarlat-la-Canéda', '1', '14', 45, 'AAV_2020'),
	('234', 'Avranches', '1', '14', 32, 'AAV_2020'),
	('235', 'Berck', '1', '14', 19, 'AAV_2020'),
	('236', 'Hazebrouck', '1', '14', 11, 'AAV_2020'),
	('237', 'Pont-Audemer', '1', '14', 34, 'AAV_2020'),
	('238', 'Trouville-sur-Mer', '1', '14', 35, 'AAV_2020'),
	('239', 'Autun', '1', '14', 42, 'AAV_2020'),
	('240', 'Remiremont', '1', '14', 12, 'AAV_2020'),
	('241', 'Parthenay', '1', '14', 26, 'AAV_2020'),
	('242', 'Noyon', '1', '14', 38, 'AAV_2020'),
	('243', 'Ambérieu-en-Bugey', '1', '14', 15, 'AAV_2020'),
	('244', 'Château-Gontier-sur-Mayenne', '1', '14', 19, 'AAV_2020'),
	('245', 'Villefranche-de-Rouergue', '1', '14', 34, 'AAV_2020'),
	('246', 'Friville-Escarbotin', '1', '14', 33, 'AAV_2020'),
	('247', 'Étaples - Le Touquet-Paris-Plage', '1', '14', 21, 'AAV_2020'),
	('248', 'Eu', '1', '14', 26, 'AAV_2020'),
	('249', 'Sallanches', '1', '14', 4, 'AAV_2020'),
	('250', 'Val de Briey', '1', '14', 14, 'AAV_2020'),
	('251', 'Digne-les-Bains', '1', '13', 34, 'AAV_2020'),
	('252', 'Nogent-le-Rotrou', '1', '13', 25, 'AAV_2020'),
	('253', 'Oloron-Sainte-Marie', '1', '13', 44, 'AAV_2020'),
	('254', 'Cosne-Cours-sur-Loire', '1', '13', 30, 'AAV_2020'),
	('255', 'Ploërmel', '1', '13', 19, 'AAV_2020'),
	('256', 'Bruay-la-Buissière', '1', '13', 2, 'AAV_2020'),
	('257', 'Guingamp', '1', '13', 15, 'AAV_2020'),
	('258', 'Segré-en-Anjou Bleu', '1', '13', 6, 'AAV_2020'),
	('259', 'Luxeuil-les-Bains', '1', '13', 41, 'AAV_2020'),
	('260', 'Langres', '1', '13', 77, 'AAV_2020'),
	('261', 'Hendaye (partie française)', '1', '13', 3, 'AAV_2020'),
	('262', 'L\'Aigle', '1', '13', 32, 'AAV_2020'),
	('263', 'Aire-sur-la-Lys', '1', '13', 15, 'AAV_2020'),
	('264', 'Romilly-sur-Seine', '1', '13', 26, 'AAV_2020'),
	('265', 'Bayeux', '1', '13', 29, 'AAV_2020'),
	('266', 'Biscarrosse', '1', '13', 7, 'AAV_2020'),
	('267', 'Privas', '1', '13', 24, 'AAV_2020'),
	('268', 'Castelnaudary', '1', '13', 34, 'AAV_2020'),
	('269', 'Miramas', '1', '13', 1, 'AAV_2020'),
	('270', 'Pithiviers', '1', '13', 27, 'AAV_2020'),
	('271', 'Biars-sur-Cère - Saint-Céré', '1', '13', 49, 'AAV_2020'),
	('272', 'Pleyben - Châteaulin', '1', '13', 18, 'AAV_2020'),
	('273', 'Chauny', '1', '13', 23, 'AAV_2020'),
	('274', 'Pont-à-Mousson', '1', '13', 16, 'AAV_2020'),
	('275', 'Apt', '1', '13', 18, 'AAV_2020'),
	('276', 'Gray', '1', '13', 63, 'AAV_2020'),
	('277', 'Péronne', '1', '13', 52, 'AAV_2020'),
	('278', 'Mende', '1', '13', 31, 'AAV_2020'),
	('279', 'Avallon', '1', '13', 74, 'AAV_2020'),
	('280', 'Creutzwald', '1', '13', 8, 'AAV_2020'),
	('281', 'Foix', '1', '13', 38, 'AAV_2020'),
	('282', 'Lourdes', '1', '13', 45, 'AAV_2020'),
	('283', 'Tergnier', '1', '13', 14, 'AAV_2020'),
	('284', 'Saint-Girons', '1', '13', 70, 'AAV_2020'),
	('285', 'Saint-Jean-de-Maurienne', '1', '13', 26, 'AAV_2020'),
	('286', 'Belley', '1', '13', 31, 'AAV_2020'),
	('287', 'Fourmies', '1', '13', 7, 'AAV_2020'),
	('288', 'La Flèche', '1', '13', 11, 'AAV_2020'),
	('289', 'Landivisiau', '1', '13', 12, 'AAV_2020'),
	('290', 'Briançon', '1', '13', 15, 'AAV_2020'),
	('291', 'Lure', '1', '13', 33, 'AAV_2020'),
	('292', 'Paimpol', '1', '13', 13, 'AAV_2020'),
	('293', 'Saint-Pol-sur-Ternoise', '1', '13', 72, 'AAV_2020'),
	('294', 'Chinon', '1', '13', 20, 'AAV_2020'),
	('295', 'Saint-Marcellin', '1', '13', 17, 'AAV_2020'),
	('296', 'Roscoff - Saint-Pol-de-Léon', '1', '13', 9, 'AAV_2020'),
	('297', 'Vittel - Contrexéville', '1', '13', 72, 'AAV_2020'),
	('298', 'Porto-Vecchio', '1', '13', 10, 'AAV_2020'),
	('299', 'Yvetot', '1', '13', 15, 'AAV_2020'),
	('300', 'Saint-Amand-Montrond', '1', '13', 36, 'AAV_2020'),
	('301', 'Le Luc', '1', '13', 5, 'AAV_2020'),
	('302', 'Capbreton', '1', '13', 6, 'AAV_2020'),
	('303', 'Somain', '1', '13', 5, 'AAV_2020'),
	('304', 'L\'Isle-sur-la-Sorgue', '1', '13', 4, 'AAV_2020'),
	('305', 'Carhaix-Plouguer', '1', '13', 18, 'AAV_2020'),
	('306', 'Gaillac', '1', '13', 14, 'AAV_2020'),
	('307', 'Neufchâteau', '1', '13', 72, 'AAV_2020'),
	('308', 'Hirson', '1', '13', 26, 'AAV_2020'),
	('309', 'Ussel', '1', '13', 38, 'AAV_2020'),
	('310', 'Orthez', '1', '13', 26, 'AAV_2020'),
	('311', 'Luçon', '1', '13', 13, 'AAV_2020'),
	('312', 'Lannemezan', '1', '13', 65, 'AAV_2020'),
	('313', 'Morteau', '1', '13', 21, 'AAV_2020'),
	('314', 'Bédarieux', '1', '13', 26, 'AAV_2020'),
	('315', 'Saint-Jean-d\'Angély', '1', '13', 37, 'AAV_2020'),
	('316', 'Le Grau-du-Roi', '1', '13', 3, 'AAV_2020'),
	('317', 'Amnéville - Rombas', '1', '13', 2, 'AAV_2020'),
	('318', 'Issoudun', '1', '13', 20, 'AAV_2020'),
	('319', 'Saint-Claude', '1', '13', 18, 'AAV_2020'),
	('320', 'Feurs', '1', '13', 16, 'AAV_2020'),
	('321', 'Évron', '1', '12', 18, 'AAV_2020'),
	('322', 'Freyming-Merlebach (partie française)', '1', '12', 3, 'AAV_2020'),
	('323', 'Saint-Flour', '1', '12', 36, 'AAV_2020'),
	('324', 'Brioude', '1', '12', 39, 'AAV_2020'),
	('325', 'Uzès', '1', '12', 18, 'AAV_2020'),
	('326', 'Joigny', '1', '12', 14, 'AAV_2020'),
	('327', 'Limoux', '1', '12', 39, 'AAV_2020'),
	('328', 'Loches', '1', '12', 23, 'AAV_2020'),
	('329', 'Moissac', '1', '12', 7, 'AAV_2020'),
	('330', 'Decazeville', '1', '12', 12, 'AAV_2020'),
	('331', 'Ambert', '1', '12', 29, 'AAV_2020'),
	('332', 'Mauges-sur-Loire', '1', '12', 1, 'AAV_2020'),
	('333', 'Louhans', '1', '12', 15, 'AAV_2020'),
	('334', 'Valréas', '1', '12', 12, 'AAV_2020'),
	('335', 'Tournon-sur-Rhône', '1', '12', 9, 'AAV_2020'),
	('336', 'Paray-le-Monial', '1', '12', 19, 'AAV_2020'),
	('337', 'Chantonnay', '1', '12', 10, 'AAV_2020'),
	('338', 'Champagnole', '1', '12', 43, 'AAV_2020'),
	('339', 'Revel', '1', '12', 16, 'AAV_2020'),
	('340', 'Lavelanet', '1', '12', 28, 'AAV_2020'),
	('341', 'Bollène', '1', '12', 2, 'AAV_2020'),
	('342', 'Crest', '1', '12', 17, 'AAV_2020'),
	('343', 'Sisteron', '1', '12', 21, 'AAV_2020'),
	('344', 'Bourg-Saint-Maurice', '1', '12', 9, 'AAV_2020'),
	('345', 'Pézenas', '1', '12', 8, 'AAV_2020'),
	('346', 'Verneuil d\'Avre et d\'Iton', '1', '12', 24, 'AAV_2020'),
	('347', 'Loudun', '1', '12', 25, 'AAV_2020'),
	('348', 'Le Blanc', '1', '12', 23, 'AAV_2020'),
	('349', 'Sainte-Maxime', '1', '12', 2, 'AAV_2020'),
	('350', 'Gérardmer', '1', '12', 13, 'AAV_2020'),
	('351', 'La Ferté Macé', '1', '12', 17, 'AAV_2020'),
	('352', 'Honfleur', '1', '12', 11, 'AAV_2020'),
	('353', 'Crozon', '1', '12', 7, 'AAV_2020'),
	('354', 'Jonzac', '1', '12', 35, 'AAV_2020'),
	('355', 'Lesparre-Médoc', '1', '12', 12, 'AAV_2020'),
	('356', 'Castelsarrasin', '1', '12', 6, 'AAV_2020'),
	('357', 'Belleville-en-Beaujolais', '1', '12', 4, 'AAV_2020'),
	('358', 'Carentan-les-Marais', '1', '12', 13, 'AAV_2020'),
	('359', 'Vaison-la-Romaine', '1', '12', 14, 'AAV_2020'),
	('360', 'Pineuilh', '1', '12', 16, 'AAV_2020'),
	('361', 'Nérac', '1', '12', 17, 'AAV_2020'),
	('362', 'Doué-en-Anjou', '1', '12', 7, 'AAV_2020'),
	('363', 'Prades', '1', '12', 26, 'AAV_2020'),
	('364', 'La Tour-du-Pin', '1', '12', 4, 'AAV_2020'),
	('365', 'Châtillon-sur-Seine', '1', '12', 60, 'AAV_2020'),
	('366', 'Tonneins', '1', '12', 11, 'AAV_2020'),
	('367', 'Graulhet', '1', '12', 7, 'AAV_2020'),
	('368', 'Wissembourg (partie française)', '1', '12', 11, 'AAV_2020'),
	('369', 'Surgères', '1', '12', 9, 'AAV_2020'),
	('370', 'Decize', '1', '12', 13, 'AAV_2020'),
	('371', 'Bormes-les-Mimosas', '1', '12', 3, 'AAV_2020'),
	('372', 'Commercy', '1', '12', 19, 'AAV_2020'),
	('373', 'Barbezieux-Saint-Hilaire', '1', '12', 25, 'AAV_2020'),
	('374', 'Tarare', '1', '12', 6, 'AAV_2020'),
	('375', 'Saint-Vallier', '1', '12', 9, 'AAV_2020'),
	('376', 'Pont-Saint-Esprit', '1', '12', 5, 'AAV_2020'),
	('377', 'Montpon-Ménestérol', '1', '12', 13, 'AAV_2020'),
	('378', 'Hesdin', '1', '12', 28, 'AAV_2020'),
	('379', 'Maîche', '1', '12', 23, 'AAV_2020'),
	('380', 'Avesnes-sur-Helpe', '1', '12', 14, 'AAV_2020'),
	('381', 'Montval-sur-Loir', '1', '12', 12, 'AAV_2020'),
	('382', 'Montmorillon', '1', '12', 18, 'AAV_2020'),
	('383', 'Clamecy', '1', '12', 45, 'AAV_2020'),
	('384', 'Saint-Gervais-les-Bains', '1', '12', 7, 'AAV_2020'),
	('385', 'Fumel', '1', '12', 10, 'AAV_2020'),
	('386', 'Ruffec', '1', '12', 30, 'AAV_2020'),
	('387', 'Essarts en Bocage', '1', '12', 4, 'AAV_2020'),
	('388', 'Saint-Yrieix-la-Perche', '1', '12', 11, 'AAV_2020'),
	('389', 'Bar-sur-Aube', '1', '12', 43, 'AAV_2020'),
	('390', 'Yssingeaux', '1', '12', 9, 'AAV_2020'),
	('391', 'Blaye', '1', '12', 13, 'AAV_2020'),
	('392', 'Semur-en-Auxois', '1', '12', 54, 'AAV_2020'),
	('393', 'Saint-Chély-d\'Apcher', '1', '12', 22, 'AAV_2020'),
	('394', 'Auray', '1', '12', 1, 'AAV_2020'),
	('395', 'Dives-sur-Mer', '1', '12', 12, 'AAV_2020'),
	('396', 'Valence', '1', '12', 16, 'AAV_2020'),
	('397', 'Sézanne', '1', '12', 37, 'AAV_2020'),
	('398', 'Bagnères-de-Bigorre', '1', '12', 21, 'AAV_2020'),
	('399', 'Saint-Martin-de-Crau', '1', '12', 1, 'AAV_2020'),
	('400', 'Gournay-en-Bray', '1', '12', 21, 'AAV_2020'),
	('401', 'Roye', '1', '12', 35, 'AAV_2020'),
	('402', 'Le Cateau-Cambrésis', '1', '12', 11, 'AAV_2020'),
	('403', 'Aubigny-sur-Nère', '1', '12', 16, 'AAV_2020'),
	('404', 'Saint-Affrique', '1', '12', 16, 'AAV_2020'),
	('405', 'Cogolin', '1', '12', 2, 'AAV_2020'),
	('406', 'Condom', '1', '12', 23, 'AAV_2020'),
	('407', 'Mazamet', '1', '12', 4, 'AAV_2020'),
	('408', 'Chamonix-Mont-Blanc', '1', '12', 4, 'AAV_2020'),
	('409', 'Lillebonne', '1', '12', 6, 'AAV_2020'),
	('410', 'Gourdon', '1', '12', 22, 'AAV_2020'),
	('411', 'Pouzauges', '1', '12', 7, 'AAV_2020'),
	('412', 'Nyons', '1', '12', 17, 'AAV_2020'),
	('413', 'Nogent-sur-Seine', '1', '12', 19, 'AAV_2020'),
	('414', 'Corte', '1', '12', 34, 'AAV_2020'),
	('415', 'Tonnerre', '1', '12', 38, 'AAV_2020'),
	('416', 'Digoin', '1', '12', 8, 'AAV_2020'),
	('417', 'Givet', '1', '12', 11, 'AAV_2020'),
	('418', 'Mortagne-au-Perche', '1', '12', 25, 'AAV_2020'),
	('419', 'Aubusson', '1', '12', 34, 'AAV_2020'),
	('420', 'La Côte-Saint-André', '1', '12', 8, 'AAV_2020'),
	('421', 'Aire-sur-l\'Adour', '1', '12', 23, 'AAV_2020'),
	('422', 'Hauts de Bienne', '1', '12', 7, 'AAV_2020'),
	('423', 'Moûtiers', '1', '12', 7, 'AAV_2020'),
	('424', 'Jarny', '1', '12', 8, 'AAV_2020'),
	('425', 'Ribérac', '1', '12', 24, 'AAV_2020'),
	('426', 'Delle (partie française)', '1', '12', 8, 'AAV_2020'),
	('427', 'Embrun', '1', '12', 12, 'AAV_2020'),
	('428', 'Sully-sur-Loire', '1', '12', 8, 'AAV_2020'),
	('429', 'Saint-Florentin', '1', '12', 19, 'AAV_2020'),
	('430', 'Calvi', '1', '12', 15, 'AAV_2020'),
	('431', 'Guer', '1', '12', 9, 'AAV_2020'),
	('432', 'Vidauban', '1', '12', 1, 'AAV_2020'),
	('433', 'Baugé-en-Anjou', '1', '12', 1, 'AAV_2020'),
	('434', 'Nontron', '1', '12', 19, 'AAV_2020'),
	('435', 'La Souterraine', '1', '12', 12, 'AAV_2020'),
	('436', 'Gueugnon', '1', '12', 12, 'AAV_2020'),
	('437', 'Beaurepaire', '1', '12', 10, 'AAV_2020'),
	('438', 'Valdahon', '1', '12', 22, 'AAV_2020'),
	('439', 'Marennes-Hiers-Brouage', '1', '12', 3, 'AAV_2020'),
	('440', 'La Réole', '1', '12', 20, 'AAV_2020'),
	('441', 'Saint-Hilaire-du-Harcouët', '1', '12', 8, 'AAV_2020'),
	('442', 'Montbard', '1', '12', 34, 'AAV_2020'),
	('443', 'Lodève', '1', '12', 19, 'AAV_2020'),
	('444', 'Le Pouliguen', '1', '12', 3, 'AAV_2020'),
	('445', 'Pauillac', '1', '12', 5, 'AAV_2020'),
	('446', 'Tournus', '1', '12', 14, 'AAV_2020'),
	('447', 'La Châtaigneraie', '1', '12', 13, 'AAV_2020'),
	('448', 'Mirecourt', '1', '12', 33, 'AAV_2020'),
	('449', 'Sainte-Menehould', '1', '12', 50, 'AAV_2020'),
	('450', 'Ham', '1', '12', 13, 'AAV_2020'),
	('451', 'Le Thillot', '1', '12', 7, 'AAV_2020'),
	('452', 'La Châtre', '1', '12', 14, 'AAV_2020'),
	('453', 'Saint-Jean-de-Monts', '1', '12', 2, 'AAV_2020'),
	('454', 'Saint-Maixent-l\'École', '1', '12', 4, 'AAV_2020'),
	('455', 'Mimizan', '1', '12', 5, 'AAV_2020'),
	('456', 'Bazas', '1', '12', 18, 'AAV_2020'),
	('457', 'Montrichard Val de Cher', '1', '12', 7, 'AAV_2020'),
	('458', 'Ciboure', '1', '12', 2, 'AAV_2020'),
	('459', 'Saint-Rémy-de-Provence', '1', '12', 2, 'AAV_2020'),
	('460', 'Saint-Pourçain-sur-Sioule', '1', '12', 14, 'AAV_2020'),
	('461', 'Faulquemont', '1', '12', 7, 'AAV_2020'),
	('462', 'Ernée', '1', '12', 5, 'AAV_2020'),
	('463', 'La Londe-les-Maures', '1', '12', 1, 'AAV_2020'),
	('464', 'La Tremblade', '1', '12', 3, 'AAV_2020'),
	('465', 'Vouziers', '1', '12', 45, 'AAV_2020'),
	('466', 'Guise', '1', '12', 21, 'AAV_2020'),
	('467', 'Le Vigan', '1', '12', 20, 'AAV_2020'),
	('468', 'Die', '1', '12', 27, 'AAV_2020'),
	('469', 'Rostrenen', '1', '12', 10, 'AAV_2020'),
	('470', 'Mamers', '1', '12', 21, 'AAV_2020'),
	('471', 'Bort-les-Orgues', '1', '11', 11, 'AAV_2020'),
	('472', 'Montdidier', '1', '11', 23, 'AAV_2020'),
	('473', 'Migennes', '1', '11', 4, 'AAV_2020'),
	('474', 'La Guerche-de-Bretagne', '1', '11', 11, 'AAV_2020'),
	('475', 'Rambervillers', '1', '11', 15, 'AAV_2020'),
	('476', 'Merville', '1', '11', 1, 'AAV_2020'),
	('477', 'Le Mené', '1', '11', 6, 'AAV_2020'),
	('478', 'Saint-Éloy-les-Mines', '1', '11', 15, 'AAV_2020'),
	('479', 'Joinville', '1', '11', 31, 'AAV_2020'),
	('480', 'Les Andelys', '1', '11', 7, 'AAV_2020'),
	('481', 'Sainte-Marie-aux-Mines', '1', '11', 4, 'AAV_2020'),
	('482', 'Saint-Valery-en-Caux', '1', '11', 17, 'AAV_2020'),
	('483', 'Hagetmau', '1', '11', 16, 'AAV_2020'),
	('484', 'Neufchâtel-en-Bray', '1', '11', 15, 'AAV_2020'),
	('485', 'Mauléon-Licharre', '1', '11', 21, 'AAV_2020'),
	('486', 'Marvejols', '1', '11', 10, 'AAV_2020'),
	('487', 'Melle', '1', '11', 6, 'AAV_2020'),
	('488', 'Confolens', '1', '11', 14, 'AAV_2020'),
	('489', 'Le Neubourg', '1', '11', 13, 'AAV_2020'),
	('490', 'Céret', '1', '11', 3, 'AAV_2020'),
	('491', 'Bapaume', '1', '11', 21, 'AAV_2020'),
	('492', 'Saint-Tropez', '1', '11', 3, 'AAV_2020'),
	('493', 'Villedieu-les-Poêles-Rouffigny', '1', '11', 11, 'AAV_2020'),
	('494', 'Le Nouvion-en-Thiérache', '1', '11', 12, 'AAV_2020'),
	('495', 'L\'Île-Rousse', '1', '11', 12, 'AAV_2020'),
	('496', 'Mourenx', '1', '11', 4, 'AAV_2020'),
	('497', 'Soustons', '1', '11', 2, 'AAV_2020'),
	('498', 'Craon', '1', '11', 9, 'AAV_2020'),
	('499', 'Égletons', '1', '11', 14, 'AAV_2020'),
	('500', 'Poligny', '1', '11', 22, 'AAV_2020'),
	('501', 'Bouzonville', '1', '11', 12, 'AAV_2020'),
	('502', 'Saint-Palais', '1', '11', 25, 'AAV_2020'),
	('503', 'Le Cheylard', '1', '11', 20, 'AAV_2020'),
	('504', 'Saint-Chamas', '1', '11', 1, 'AAV_2020'),
	('505', 'Lagnieu', '1', '11', 3, 'AAV_2020'),
	('506', 'Gramat', '1', '11', 18, 'AAV_2020'),
	('507', 'Condé-en-Normandie', '1', '11', 7, 'AAV_2020'),
	('508', 'Farébersviller', '1', '11', 3, 'AAV_2020'),
	('509', 'Baccarat', '1', '11', 13, 'AAV_2020'),
	('510', 'Valgelon-La Rochette', '1', '11', 13, 'AAV_2020'),
	('511', 'Bellac', '1', '11', 11, 'AAV_2020'),
	('512', 'Port-Saint-Louis-du-Rhône', '1', '11', 1, 'AAV_2020'),
	('513', 'La Flotte', '1', '11', 4, 'AAV_2020'),
	('514', 'Bourbon-Lancy', '1', '11', 12, 'AAV_2020'),
	('515', 'Mauriac', '1', '11', 16, 'AAV_2020'),
	('516', 'Château-Arnoux-Saint-Auban', '1', '11', 4, 'AAV_2020'),
	('517', 'Bitche', '1', '11', 10, 'AAV_2020'),
	('518', 'Argelès-Gazost', '1', '11', 19, 'AAV_2020'),
	('519', 'Casteljaloux', '1', '11', 14, 'AAV_2020'),
	('520', 'Le Pont-de-Beauvoisin', '1', '11', 4, 'AAV_2020'),
	('521', 'Souillac', '1', '11', 11, 'AAV_2020'),
	('522', 'Forcalquier', '1', '11', 7, 'AAV_2020'),
	('523', 'Saint-Jean-Pied-de-Port', '1', '11', 22, 'AAV_2020'),
	('524', 'Châtillon-sur-Chalaronne', '1', '11', 5, 'AAV_2020'),
	('525', 'Saint-Méen-le-Grand', '1', '11', 4, 'AAV_2020'),
	('526', 'Baud', '1', '11', 2, 'AAV_2020'),
	('527', 'Dieuze', '1', '11', 31, 'AAV_2020'),
	('528', 'Espalion', '1', '11', 7, 'AAV_2020'),
	('529', 'Bagnères-de-Luchon', '1', '11', 44, 'AAV_2020'),
	('530', 'Gannat', '1', '11', 8, 'AAV_2020'),
	('531', 'Châteauneuf-du-Faou', '1', '11', 5, 'AAV_2020'),
	('532', 'Chauffailles', '1', '11', 9, 'AAV_2020'),
	('533', 'Pontorson', '1', '11', 5, 'AAV_2020'),
	('534', 'Brienne-le-Château', '1', '11', 30, 'AAV_2020'),
	('535', 'Brou', '1', '11', 7, 'AAV_2020'),
	('536', 'Saint-Vincent-de-Tyrosse', '1', '11', 1, 'AAV_2020'),
	('537', 'Sarre-Union', '1', '11', 12, 'AAV_2020'),
	('538', 'Pluvigner', '1', '11', 1, 'AAV_2020'),
	('539', 'Argenton-sur-Creuse', '1', '11', 7, 'AAV_2020'),
	('540', 'Propriano', '1', '11', 13, 'AAV_2020'),
	('541', 'Morhange', '1', '11', 22, 'AAV_2020'),
	('542', 'Thiviers', '1', '11', 10, 'AAV_2020'),
	('543', 'Eauze', '1', '11', 12, 'AAV_2020'),
	('544', 'Machecoul-Saint-Même', '1', '11', 1, 'AAV_2020'),
	('545', 'Montmirail', '1', '11', 19, 'AAV_2020'),
	('546', 'Langeac', '1', '11', 14, 'AAV_2020'),
	('547', 'Fruges', '1', '11', 22, 'AAV_2020'),
	('548', 'Saint-Mihiel', '1', '11', 17, 'AAV_2020'),
	('549', 'Cavalaire-sur-Mer', '1', '11', 1, 'AAV_2020'),
	('550', 'Morzine', '1', '11', 8, 'AAV_2020'),
	('551', 'Josselin', '1', '11', 4, 'AAV_2020'),
	('552', 'Charmes', '1', '11', 10, 'AAV_2020'),
	('553', 'Thizy-les-Bourgs', '1', '11', 2, 'AAV_2020'),
	('554', 'La Loupe', '1', '11', 8, 'AAV_2020'),
	('555', 'Saint-Satur - Sancerre', '1', '11', 14, 'AAV_2020'),
	('556', 'Pleslin-Trigavou', '1', '11', 2, 'AAV_2020'),
	('557', 'Locminé', '1', '11', 2, 'AAV_2020'),
	('558', 'Uzerche', '1', '11', 8, 'AAV_2020'),
	('559', 'Rouffach', '1', '11', 2, 'AAV_2020'),
	('560', 'Gaillon', '1', '11', 1, 'AAV_2020'),
	('561', 'Longué-Jumelles', '1', '11', 2, 'AAV_2020'),
	('562', 'Vervins', '1', '11', 21, 'AAV_2020'),
	('563', 'La Charité-sur-Loire', '1', '11', 4, 'AAV_2020'),
	('564', 'Barcelonnette', '1', '11', 11, 'AAV_2020'),
	('565', 'Amplepuis', '1', '11', 3, 'AAV_2020'),
	('566', 'Amélie-les-Bains-Palalda', '1', '11', 6, 'AAV_2020'),
	('567', 'Quiberon', '1', '11', 2, 'AAV_2020'),
	('568', 'Blancs-Coteaux', '1', '11', 11, 'AAV_2020'),
	('569', 'Montoire-sur-le-Loir', '1', '11', 11, 'AAV_2020'),
	('570', 'Marckolsheim', '1', '11', 4, 'AAV_2020'),
	('571', 'Bohain-en-Vermandois', '1', '11', 3, 'AAV_2020'),
	('572', 'Plateau d\'Hauteville', '1', '11', 6, 'AAV_2020'),
	('573', 'Carignan', '1', '11', 12, 'AAV_2020'),
	('574', 'Saint-Calais', '1', '11', 10, 'AAV_2020'),
	('575', 'Pons', '1', '11', 8, 'AAV_2020'),
	('576', 'Blangy-sur-Bresle', '1', '11', 8, 'AAV_2020'),
	('577', 'Beuzeville', '1', '11', 5, 'AAV_2020'),
	('578', 'Carnac', '1', '11', 2, 'AAV_2020'),
	('579', 'Arbois', '1', '11', 16, 'AAV_2020'),
	('580', 'Les Abrets en Dauphiné', '1', '11', 1, 'AAV_2020'),
	('581', 'Nonancourt - Saint-Lubin-des-Joncherets', '1', '11', 2, 'AAV_2020'),
	('582', 'Charolles', '1', '11', 12, 'AAV_2020'),
	('583', 'Lectoure', '1', '11', 13, 'AAV_2020'),
	('584', 'Revin', '1', '11', 1, 'AAV_2020'),
	('585', 'Morestel', '1', '11', 3, 'AAV_2020'),
	('586', 'Breteuil', '1', '11', 5, 'AAV_2020'),
	('587', 'Banyuls-sur-Mer', '1', '11', 2, 'AAV_2020'),
	('588', 'Saint-Aignan', '1', '11', 5, 'AAV_2020'),
	('589', 'Sarrians', '1', '11', 1, 'AAV_2020'),
	('590', 'Domfront en Poiraie', '1', '11', 8, 'AAV_2020'),
	('591', 'Cours', '1', '11', 4, 'AAV_2020'),
	('592', 'Mallemort', '1', '11', 1, 'AAV_2020'),
	('593', 'Sainte-Sigolène', '1', '11', 1, 'AAV_2020'),
	('594', 'Salies-de-Béarn', '1', '11', 6, 'AAV_2020'),
	('595', 'Sées', '1', '11', 7, 'AAV_2020'),
	('596', 'Chazelles-sur-Lyon', '1', '11', 2, 'AAV_2020'),
	('597', 'Phalsbourg', '1', '11', 3, 'AAV_2020'),
	('598', 'Fayence', '1', '11', 1, 'AAV_2020'),
	('599', 'Argentat-sur-Dordogne', '1', '11', 12, 'AAV_2020'),
	('600', 'Lapalisse', '1', '11', 9, 'AAV_2020'),
	('601', 'Nogaro', '1', '11', 18, 'AAV_2020'),
	('602', 'Villaines-la-Juhel', '1', '11', 8, 'AAV_2020'),
	('603', 'Fumay', '1', '11', 4, 'AAV_2020'),
	('604', 'Forges-les-Eaux', '1', '11', 5, 'AAV_2020'),
	('605', 'Belz', '1', '11', 2, 'AAV_2020'),
	('606', 'Beaumont-de-Lomagne', '1', '11', 11, 'AAV_2020'),
	('607', 'Saint-Fulgent', '1', '11', 2, 'AAV_2020'),
	('608', 'Port-la-Nouvelle', '1', '11', 1, 'AAV_2020'),
	('609', 'Miramont-de-Guyenne', '1', '11', 5, 'AAV_2020'),
	('610', 'Bruyères', '1', '11', 8, 'AAV_2020'),
	('611', 'Reichshoffen', '1', '11', 1, 'AAV_2020'),
	('612', 'Laragne-Montéglin', '1', '11', 10, 'AAV_2020'),
	('613', 'Morcenx-la-Nouvelle', '1', '11', 2, 'AAV_2020'),
	('614', 'Solesmes', '1', '11', 2, 'AAV_2020'),
	('615', 'Cugand', '1', '11', 2, 'AAV_2020'),
	('616', 'Vic-Fezensac', '1', '11', 11, 'AAV_2020'),
	('617', 'Modane', '1', '11', 6, 'AAV_2020'),
	('618', 'Lacaune', '1', '11', 11, 'AAV_2020'),
	('619', 'Venarey-les-Laumes', '1', '11', 10, 'AAV_2020'),
	('620', 'Salbris', '1', '11', 1, 'AAV_2020'),
	('621', 'Gourin', '1', '11', 3, 'AAV_2020'),
	('622', 'Mourmelon-le-Grand', '1', '11', 1, 'AAV_2020'),
	('623', 'Bonneval', '1', '11', 1, 'AAV_2020'),
	('624', 'Le Lude', '1', '11', 3, 'AAV_2020'),
	('625', 'La Voulte-sur-Rhône', '1', '11', 1, 'AAV_2020'),
	('626', 'Saint-Loup-sur-Semouse', '1', '11', 10, 'AAV_2020'),
	('627', 'Dompierre-sur-Besbre', '1', '11', 3, 'AAV_2020'),
	('628', 'Sommières', '1', '11', 1, 'AAV_2020'),
	('629', 'Étain', '1', '11', 5, 'AAV_2020'),
	('630', 'Cany-Barville', '1', '11', 6, 'AAV_2020'),
	('631', 'Sillé-le-Guillaume', '1', '11', 5, 'AAV_2020'),
	('632', 'L\'Île-d\'Yeu', '1', '11', 1, 'AAV_2020'),
	('633', 'Salins-les-Bains', '1', '11', 14, 'AAV_2020'),
	('634', 'Cerizay', '1', '11', 1, 'AAV_2020'),
	('635', 'Varennes-sur-Allier', '1', '11', 3, 'AAV_2020'),
	('636', 'Gorron', '1', '11', 7, 'AAV_2020'),
	('637', 'Peyrehorade', '1', '11', 3, 'AAV_2020'),
	('638', 'Saint-Didier-sur-Chalaronne', '1', '11', 2, 'AAV_2020'),
	('639', 'Maubourguet', '1', '11', 13, 'AAV_2020'),
	('640', 'Saint-Jean-de-Bournay', '1', '11', 1, 'AAV_2020'),
	('641', 'Saint-Amour', '1', '11', 7, 'AAV_2020'),
	('642', 'Saint-Père-en-Retz', '1', '11', 1, 'AAV_2020'),
	('643', 'Isigny-sur-Mer', '1', '11', 5, 'AAV_2020'),
	('644', 'Bar-sur-Seine', '1', '11', 7, 'AAV_2020'),
	('645', 'Aime-la-Plagne', '1', '11', 1, 'AAV_2020'),
	('646', 'Niederbronn-les-Bains', '1', '11', 1, 'AAV_2020'),
	('647', 'Durtal', '1', '11', 2, 'AAV_2020'),
	('648', 'Luneray', '1', '11', 8, 'AAV_2020'),
	('649', 'Saint-Georges-de-Reneins', '1', '11', 1, 'AAV_2020'),
	('650', 'Steenvoorde', '1', '11', 1, 'AAV_2020'),
	('651', 'Saint-Laurent-Nouan', '1', '11', 1, 'AAV_2020'),
	('652', 'Culoz', '1', '11', 4, 'AAV_2020'),
	('653', 'Brionne', '1', '11', 1, 'AAV_2020'),
	('654', 'Mirande', '1', '11', 3, 'AAV_2020'),
	('655', 'Mazères', '1', '11', 2, 'AAV_2020'),
	('656', 'Malestroit', '1', '11', 3, 'AAV_2020'),
	('657', 'Bouxwiller', '1', '11', 1, 'AAV_2020'),
	('658', 'Lessay', '1', '11', 4, 'AAV_2020'),
	('659', 'Bouchain', '1', '11', 1, 'AAV_2020'),
	('660', 'Suippes', '1', '11', 1, 'AAV_2020'),
	('661', 'Tartas', '1', '11', 3, 'AAV_2020'),
	('662', 'Fessenheim', '1', '11', 3, 'AAV_2020'),
	('663', 'Plancoët', '1', '11', 2, 'AAV_2020'),
	('664', 'Castets', '1', '11', 2, 'AAV_2020'),
	('665', 'Tarascon-sur-Ariège', '1', '11', 6, 'AAV_2020'),
	('666', 'Moréac', '1', '11', 1, 'AAV_2020'),
	('667', 'Broons', '1', '11', 2, 'AAV_2020'),
	('668', 'Tréguier', '1', '11', 2, 'AAV_2020'),
	('669', 'Méaulte', '1', '11', 9, 'AAV_2020'),
	('670', 'Chablis', '1', '11', 7, 'AAV_2020'),
	('671', 'Saint-Étienne-de-Saint-Geoirs', '1', '11', 1, 'AAV_2020'),
	('672', 'Saint-Julien-du-Sault', '1', '11', 3, 'AAV_2020'),
	('673', 'Soultz-sous-Forêts', '1', '11', 1, 'AAV_2020'),
	('674', 'Saint-Venant', '1', '11', 1, 'AAV_2020'),
	('675', 'Le Bar-sur-Loup', '1', '11', 1, 'AAV_2020'),
	('676', 'Le Pouzin', '1', '11', 1, 'AAV_2020'),
	('677', 'Saint-Geours-de-Maremne', '1', '11', 1, 'AAV_2020'),
	('678', 'Chaulnes', '1', '11', 4, 'AAV_2020'),
	('679', 'Montreuil', '1', '11', 1, 'AAV_2020'),
	('680', 'Flamanville', '1', '11', 1, 'AAV_2020'),
	('681', 'Val-d\'Isère', '1', '11', 1, 'AAV_2020'),
	('682', 'Villers-la-Montagne', '1', '11', 1, 'AAV_2020'),
	('9A1', 'Les Abymes', '3', '32', 18, 'AAV_2020'),
	('9A2', 'Basse-Terre', '2', '21', 7, 'AAV_2020'),
	('9A3', 'Bouillante', '1', '11', 1, 'AAV_2020'),
	('9B1', 'Fort-de-France', '3', '32', 28, 'AAV_2020'),
	('9B2', 'Le Lorrain', '1', '11', 1, 'AAV_2020'),
	('9B3', 'Basse-Pointe', '1', '11', 4, 'AAV_2020'),
	('9C1', 'Cayenne', '2', '24', 6, 'AAV_2020'),
	('9C2', 'Saint-Laurent-du-Maroni', '1', '14', 1, 'AAV_2020'),
	('9C3', 'Kourou', '1', '13', 2, 'AAV_2020'),
	('9D1', 'Saint-Denis', '3', '32', 6, 'AAV_2020'),
	('9D2', 'Saint-Pierre - Le Tampon', '3', '31', 5, 'AAV_2020'),
	('9D3', 'Le Port', '1', '14', 1, 'AAV_2020'),
	('9D4', 'Saint-Paul', '2', '25', 5, 'AAV_2020'),
	('9D5', 'Saint-Louis', '2', '21', 1, 'AAV_2020'),
	('9D6', 'Saint-Benoît', '2', '21', 3, 'AAV_2020'),
	('9D7', 'Salazie', '1', '11', 1, 'AAV_2020'),
	('9F1', 'Mamoudzou', '3', '31', 17, 'AAV_2020'),
	('BAL', 'Bâle - Saint-Louis (partie française)', '3', '34', 94, 'AAV_2020'),
	('CHA', 'Charleroi (partie française)', '3', '34', 1, 'AAV_2020'),
	('GEN', 'Genève - Annemasse (partie française)', '4', '41', 158, 'AAV_2020'),
	('LAU', 'Lausanne (partie française)', '3', '33', 3, 'AAV_2020'),
	('LUX', 'Luxembourg (partie française)', '4', '41', 115, 'AAV_2020'),
	('MON', 'Monaco - Menton (partie française)', '2', '23', 12, 'AAV_2020'),
	('SAR', 'Sarrebruck (partie française)', '4', '41', 12, 'AAV_2020');
/*!40000 ALTER TABLE `insee_aav` ENABLE KEYS */;

-- Listage de la structure de la table mobility_raw_data. insee_aav_types
CREATE TABLE IF NOT EXISTS `insee_aav_types` (
  `type_code` varchar(50) NOT NULL DEFAULT '',
  `type_name` varchar(50) DEFAULT NULL,
  `source` varchar(50) DEFAULT 'AAV_2020',
  PRIMARY KEY (`type_code`) USING BTREE
) ENGINE=InnoDB DEFAULT CHARSET=utf8 ROW_FORMAT=DYNAMIC;

-- Listage des données de la table mobility_raw_data.insee_aav_types : ~21 rows (environ)
/*!40000 ALTER TABLE `insee_aav_types` DISABLE KEYS */;
INSERT INTO `insee_aav_types` (`type_code`, `type_name`, `source`) VALUES
	('0', 'Commune hors attraction des villes', 'AAV_2020'),
	('00', 'Commune hors attraction des villes', 'AAV_2020'),
	('1', 'Aire de moins de 50 000 habitants', 'AAV_2020'),
	('11', 'Aire de moins de 10 000 habitants', 'AAV_2020'),
	('12', 'Aire de 10 000 à moins de 20 000 habitants', 'AAV_2020'),
	('13', 'Aire de 20 000 à moins de 30 000 habitants', 'AAV_2020'),
	('14', 'Aire de 30 000 à moins de 50 000 habitants', 'AAV_2020'),
	('2', 'Aire de 50 000 à moins de 200 000 habitants', 'AAV_2020'),
	('21', 'Aire de 50 000 à moins de 75 000 habitants', 'AAV_2020'),
	('22', 'Aire de 75 000 à moins de 100 000 habitants', 'AAV_2020'),
	('23', 'Aire de 100 000 à moins de 125 000 habitants', 'AAV_2020'),
	('24', 'Aire de 125 000 à moins de 150 000 habitants', 'AAV_2020'),
	('25', 'Aire de 150 000 à moins de 200 000 habitants', 'AAV_2020'),
	('3', 'Aire de 200 000 à moins de 700 000 habitants', 'AAV_2020'),
	('31', 'Aire de 200 000 à moins de 300 000 habitants', 'AAV_2020'),
	('32', 'Aire de 300 000 à moins de 400 000 habitants', 'AAV_2020'),
	('33', 'Aire de 400 000 à moins de 500 000 habitants', 'AAV_2020'),
	('34', 'Aire de 500 000 à moins de 700 000 habitants', 'AAV_2020'),
	('4', 'Aire de 700 000 habitants ou plus (hors Paris)', 'AAV_2020'),
	('41', 'Aire de 700 000 à moins de 1 000 000 d’habitants', 'AAV_2020'),
	('42', 'Aire de 1 000 000 d’habitants ou plus (hors Paris)', 'AAV_2020'),
	('5', 'Aire de Paris', 'AAV_2020'),
	('50', 'Aire de Paris', 'AAV_2020');
/*!40000 ALTER TABLE `insee_aav_types` ENABLE KEYS */;

-- Listage de la structure de la table mobility_raw_data. insee_arrondissements
CREATE TABLE IF NOT EXISTS `insee_arrondissements` (
  `geo_code_district` varchar(12) DEFAULT NULL,
  `geo_code_city` varchar(12) DEFAULT NULL
) ENGINE=InnoDB DEFAULT CHARSET=utf8;

-- Listage des données de la table mobility_raw_data.insee_arrondissements : ~45 rows (environ)
/*!40000 ALTER TABLE `insee_arrondissements` DISABLE KEYS */;
INSERT INTO `insee_arrondissements` (`geo_code_district`, `geo_code_city`) VALUES
	('13201', '13055'),
	('13202', '13055'),
	('13203', '13055'),
	('13204', '13055'),
	('13205', '13055'),
	('13206', '13055'),
	('13207', '13055'),
	('13208', '13055'),
	('13209', '13055'),
	('13210', '13055'),
	('13211', '13055'),
	('13212', '13055'),
	('13213', '13055'),
	('13214', '13055'),
	('13215', '13055'),
	('13216', '13055'),
	('69381', '69123'),
	('69382', '69123'),
	('69383', '69123'),
	('69384', '69123'),
	('69385', '69123'),
	('69386', '69123'),
	('69387', '69123'),
	('69388', '69123'),
	('69389', '69123'),
	('75101', '75056'),
	('75102', '75056'),
	('75103', '75056'),
	('75104', '75056'),
	('75105', '75056'),
	('75106', '75056'),
	('75107', '75056'),
	('75108', '75056'),
	('75109', '75056'),
	('75110', '75056'),
	('75111', '75056'),
	('75112', '75056'),
	('75113', '75056'),
	('75114', '75056'),
	('75115', '75056'),
	('75116', '75056'),
	('75117', '75056'),
	('75118', '75056'),
	('75119', '75056'),
	('75120', '75056');
/*!40000 ALTER TABLE `insee_arrondissements` ENABLE KEYS */;

-- Listage de la structure de la table mobility_raw_data. insee_bpe_types
CREATE TABLE IF NOT EXISTS `insee_bpe_types` (
  `id` varchar(50) NOT NULL,
  `name` varchar(255) DEFAULT NULL,
  `id_type` int(11) DEFAULT NULL,
  `id_category` int(11) DEFAULT NULL,
  `daily_visitors` int(11) DEFAULT NULL,
  `to_keep` tinyint(4) DEFAULT NULL,
  `characteristic` tinyint(4) DEFAULT 0,
  PRIMARY KEY (`id`) USING BTREE
) ENGINE=InnoDB DEFAULT CHARSET=utf8;

-- Listage des données de la table mobility_raw_data.insee_bpe_types : ~187 rows (environ)
/*!40000 ALTER TABLE `insee_bpe_types` DISABLE KEYS */;
INSERT INTO `insee_bpe_types` (`id`, `name`, `id_type`, `id_category`, `daily_visitors`, `to_keep`, `characteristic`) VALUES
	('A101', 'POLICE', 38, 8, 50, 1, 0),
	('A104', 'GENDARMERIE', 38, 8, 50, 1, 0),
	('A105', 'COUR D\'APPEL (CA)', 39, 8, 50, 0, 0),
	('A106', 'TRIBUNAL DE GRANDE INSTANCE (TGI)', 39, 8, 50, 0, 0),
	('A107', 'TRIBUNAL D\'INSTANCE (TI)', 39, 8, 50, 0, 0),
	('A108', 'CONSEIL DE PRUD\'HOMMES (CPH)', 39, 8, 50, 0, 0),
	('A109', 'TRIBUNAL DE COMMERCE (TCO)', 39, 8, 50, 0, 0),
	('A120', 'DRFIP (DIRECTION RÉGIONALE  DES FINANCES PUBLIQUES)', 40, 8, 50, 0, 0),
	('A121', 'DDFIP (DIRECTION DÉPARTEMENTALE DES FINANCES PUBLIQUES)', 40, 8, 50, 0, 0),
	('A122', 'RÉSEAU DE PROXIMITÉ PÔLE EMPLOI', 40, 8, 50, 1, 0),
	('A123', 'RÉSEAU PARTENARIAL PÔLE EMPLOI', 40, 8, 50, 0, 0),
	('A124', 'MAISON DE JUSTICE ET DU DROIT', 39, 8, 50, 0, 0),
	('A125', 'ANTENNE DE JUSTICE', 39, 8, 50, 0, 0),
	('A126', 'CONSEIL DÉPARTEMENTAL D\'ACCÈS AU DROIT (CDAD)', 39, 8, 50, 0, 0),
	('A127', 'MAISON DE SERVICES AU PUBLIC (MSAP) OU IMPLANTATIONS FRANCE SERVICES (MFS)', 40, 8, 50, 0, 0),
	('A203', 'BANQUE, CAISSE D\'ÉPARGNE', 24, 7, 50, 1, 1),
	('A205', 'SERVICES FUNÉRAIRES', 41, 7, 50, 1, 0),
	('A206', 'BUREAU DE POSTE', 25, 7, 50, 1, 1),
	('A207', 'RELAIS POSTE', 25, 7, 50, 1, 1),
	('A208', 'AGENCE POSTALE', 25, 7, 50, 1, 1),
	('A301', 'RÉPARATION AUTOMOBILE ET DE MATÉRIEL AGRICOLE', 42, 7, 50, 0, 0),
	('A302', 'CONTRÔLE TECHNIQUE AUTOMOBILE', 42, 7, 50, 1, 0),
	('A303', 'LOCATION AUTO-UTILITAIRES LÉGERS', 44, 7, 50, 1, 0),
	('A304', 'ÉCOLE DE CONDUITE', 43, 7, 50, 1, 0),
	('A401', 'MAÇON', NULL, 7, 50, 0, 0),
	('A402', 'PLÂTRIER PEINTRE', NULL, 7, 50, 0, 0),
	('A403', 'MENUISIER CHARPENTIER SERRURIER', NULL, 7, 50, 0, 0),
	('A404', 'PLOMBIER COUVREUR CHAUFFAGISTE', NULL, 7, 50, 0, 0),
	('A405', 'ÉLECTRICIEN', NULL, 7, 50, 0, 0),
	('A406', 'ENTREPRISE GÉNÉRALE DU BÂTIMENT', NULL, 7, 50, 0, 0),
	('A501', 'COIFFURE', 21, 7, 50, 1, 1),
	('A502', 'VÉTÉRINAIRE', 46, 7, 50, 1, 0),
	('A503', 'AGENCE DE TRAVAIL TEMPORAIRE', 45, 7, 50, 1, 0),
	('A504', 'RESTAURANT- RESTAURATION RAPIDE', 6, 3, 50, 1, 1),
	('A505', 'AGENCE IMMOBILIÈRE', 50, 7, 50, 1, 0),
	('A506', 'PRESSING-LAVERIE AUTOMATIQUE', 49, 7, 50, 1, 0),
	('A507', 'INSTITUT DE BEAUTÉ-ONGLERIE', 22, 7, 50, 1, 0),
	('B101', 'HYPERMARCHÉ', 13, 5, 1000, 1, 1),
	('B102', 'SUPERMARCHÉ', 13, 5, 500, 1, 1),
	('B103', 'GRANDE SURFACE DE BRICOLAGE', 47, 6, 200, 1, 1),
	('B201', 'SUPÉRETTE', 14, 5, 100, 1, 1),
	('B202', 'ÉPICERIE', 14, 5, 100, 1, 1),
	('B203', 'BOULANGERIE', 15, 5, 300, 1, 1),
	('B204', 'BOUCHERIE CHARCUTERIE', 17, 5, 50, 1, 1),
	('B205', 'PRODUITS SURGELÉS', 17, 5, 50, 1, 0),
	('B206', 'POISSONNERIE', 17, 5, 50, 1, 1),
	('B301', 'LIBRAIRIE, PAPETERIE, JOURNAUX', 19, 6, 50, 1, 1),
	('B302', 'MAGASIN DE VÊTEMENTS', 18, 6, 50, 1, 1),
	('B303', 'MAGASIN D\'ÉQUIPEMENTS DU FOYER', 52, 6, 50, 1, 0),
	('B304', 'MAGASIN DE CHAUSSURES', 18, 6, 50, 1, 0),
	('B305', 'MAGASIN D\'ÉLECTROMÉNAGER ET DE MAT. AUDIO-VIDEO', 48, 6, 50, 1, 0),
	('B306', 'MAGASIN DE MEUBLES', 52, 6, 50, 1, 0),
	('B307', 'MAGASIN D\'ARTICLES DE SPORTS ET DE LOISIRS', 48, 6, 50, 1, 0),
	('B308', 'MAGASIN DE REVÊTEMENTS MURS ET SOLS', 52, 6, 50, 1, 0),
	('B309', 'DROGUERIE QUINCAILLERIE BRICOLAGE', 47, 6, 50, 1, 1),
	('B310', 'PARFUMERIE-COSMÉTIQUE', 48, 6, 50, 1, 0),
	('B311', 'HORLOGERIE-BIJOUTERIE', 48, 6, 50, 1, 0),
	('B312', 'FLEURISTE-JARDINERIE-ANIMALERIE', 51, 6, 50, 1, 1),
	('B313', 'MAGASIN D\'OPTIQUE', 53, 6, 50, 1, 1),
	('B315', 'MAGASIN DE MATÉRIEL MÉDICAL ET ORTHOPÉDIQUE', 27, 6, 50, 1, 0),
	('B316', 'STATION-SERVICE', 56, 7, 100, 1, 0),
	('C101', 'ÉCOLE MATERNELLE', 35, 1, 50, 1, 1),
	('C102', 'ÉCOLE MATERNELLE DE REGROUPEMENT PÉDAGOGIQUE INTERCOMMUNAL (RPI) DISPERSÉ', 35, 1, 50, 0, 0),
	('C104', 'ÉCOLE ÉLÉMENTAIRE', 33, 1, 100, 1, 1),
	('C105', 'ÉCOLE ÉLÉMENTAIRE DE REGROUPEMENT PÉDAGOGIQUE INTERCOMMUNAL (RPI) DISPERSÉ', 33, 1, 50, 0, 0),
	('C201', 'COLLÈGE', 36, 1, 200, 1, 1),
	('C301', 'LYCÉE D\'ENSEIGNEMENT GÉNÉRAL ET/OU TECHNOLOGIQUE', 37, 1, 500, 1, 1),
	('C302', 'LYCÉE D\'ENSEIGNEMENT PROFESSIONNEL', 37, 1, 500, 1, 1),
	('C303', 'LYCÉE D\'ENSEIGNEMENT TECHNIQUE ET/OU PROFESSIONNEL AGRICOLE', 37, 1, 500, 1, 1),
	('C304', 'SGT SECTION D\'ENSEIGNEMENT GÉNÉRAL ET TECHNOLOGIQUE', 37, 1, 50, 0, 0),
	('C305', 'SEP SECTION D\'ENSEIGNEMENT PROFESSIONNEL', 37, 1, 50, 0, 0),
	('C401', 'STS SECTION TECHNICIEN SUPÉRIEUR, CPGE CLASSE PRÉPARATOIRE AUX GRANDES ÉCOLES', 37, 1, 50, 0, 0),
	('C402', 'FORMATION SANTÉ', NULL, 1, 50, 0, 0),
	('C403', 'FORMATION COMMERCE', NULL, 1, 50, 0, 0),
	('C409', 'AUTRE FORMATION POST BAC NON UNIVERSITAIRE', NULL, 1, 50, 0, 0),
	('C501', 'UFR', NULL, 1, 50, 0, 0),
	('C502', 'INSTITUT UNIVERSITAIRE', NULL, 1, 50, 0, 0),
	('C503', 'ÉCOLE D\'INGÉNIEURS', NULL, 1, 50, 0, 0),
	('C504', 'ENSEIGNEMENT GÉNÉRAL SUPÉRIEUR PRIVÉ', NULL, 1, 50, 0, 0),
	('C505', 'ÉCOLE D\'ENSEIGNEMENT SUPÉRIEUR AGRICOLE', NULL, 1, 50, 0, 0),
	('C509', 'AUTRE ENSEIGNEMENT SUPÉRIEUR', NULL, 1, 50, 0, 0),
	('C601', 'CENTRE DE FORMATION D\'APPRENTIS HORS AGRICULTURE', NULL, 1, 50, 0, 0),
	('C602', 'GRETA', NULL, 1, 50, 0, 0),
	('C603', 'CENTRE DISPENSANT DE LA FORMATION CONTINUE AGRICOLE', NULL, 1, 50, 0, 0),
	('C604', 'FORMATION AUX MÉTIERS DU SPORT', NULL, 1, 50, 0, 0),
	('C605', 'CENTRE DISPENSANT DES FORMATIONS D\'APPRENTISSAGE AGRICOLE', NULL, 1, 50, 0, 0),
	('C609', 'AUTRE FORMATION CONTINUE', NULL, 1, 50, 0, 0),
	('C701', 'RÉSIDENCE UNIVERSITAIRE', NULL, 13, 50, 0, 0),
	('C702', 'RESTAURANT UNIVERSITAIRE', NULL, 3, 50, 0, 0),
	('D101', 'ÉTABLISSEMENT SANTÉ COURT SÉJOUR', NULL, 10, 50, 1, 0),
	('D102', 'ÉTABLISSEMENT SANTÉ MOYEN SÉJOUR', NULL, 10, 50, 1, 0),
	('D103', 'ÉTABLISSEMENT SANTÉ LONG SÉJOUR', NULL, 10, 50, 1, 0),
	('D104', 'ÉTABLISSEMENT PSYCHIATRIQUE', NULL, 10, 50, 0, 0),
	('D105', 'CENTRE LUTTE CANCER', NULL, 10, 50, 0, 0),
	('D106', 'URGENCES', 31, 10, 50, 1, 0),
	('D107', 'MATERNITÉ', 31, 10, 50, 1, 0),
	('D108', 'CENTRE DE SANTÉ', 28, 9, 100, 1, 0),
	('D109', 'STRUCTURE PSYCHIATRIQUE EN AMBULATOIRE', NULL, 10, 50, 0, 0),
	('D110', 'CENTRE MÉDECINE PRÉVENTIVE', 28, 10, 50, 0, 0),
	('D111', 'DIALYSE', NULL, 10, 50, 0, 0),
	('D112', 'HOSPITALISATION À DOMICILE', NULL, 10, 50, 0, 0),
	('D113', 'MAISON DE SANTÉ PLURIDISCIPLINAIRE', 28, 9, 50, 1, 0),
	('D201', 'MÉDECIN GÉNÉRALISTE', 28, 9, 50, 1, 1),
	('D202', 'SPÉCIALISTE EN CARDIOLOGIE', NULL, 10, 50, 0, 0),
	('D203', 'SPÉCIALISTE EN DERMATOLOGIE VÉNÉRÉOLOGIE', NULL, 10, 50, 0, 0),
	('D206', 'SPÉCIALISTE EN GASTRO-ENTÉROLOGIE HÉPATOLOGIE', NULL, 10, 50, 0, 0),
	('D207', 'SPÉCIALISTE EN PSYCHIATRIE', NULL, 10, 50, 0, 0),
	('D208', 'SPÉCIALISTE EN OPHTALMOLOGIE', NULL, 10, 50, 0, 0),
	('D209', 'SPÉCIALISTE EN OTO-RHINO-LARYNGOLOGIE', NULL, 10, 50, 0, 0),
	('D210', 'SPÉCIALISTE EN PÉDIATRIE', NULL, 10, 50, 0, 0),
	('D211', 'SPÉCIALISTE EN PNEUMOLOGIE', NULL, 10, 50, 0, 0),
	('D212', 'SPÉCIALISTE EN RADIODIAGNOSTIC ET IMAGERIE MÉDICALE', NULL, 10, 50, 0, 0),
	('D213', 'SPÉCIALISTE EN STOMATOLOGIE', NULL, 10, 50, 0, 0),
	('D214', 'SPÉCIALISTE EN GYNÉCOLOGIE (MÉDICALE ET/OU OBSTÉTRIQUE)', NULL, 10, 50, 0, 0),
	('D221', 'CHIRURGIEN DENTISTE', 29, 10, 50, 1, 0),
	('D231', 'SAGE-FEMME', NULL, 10, 50, 0, 0),
	('D232', 'INFIRMIER', 54, 9, 50, 1, 0),
	('D233', 'MASSEUR KINÉSITHÉRAPEUTE', 23, 9, 50, 1, 0),
	('D235', 'ORTHOPHONISTE', NULL, 10, 50, 0, 0),
	('D236', 'ORTHOPTISTE', NULL, 10, 50, 0, 0),
	('D237', 'PÉDICURE-PODOLOGUE', NULL, 10, 50, 0, 0),
	('D238', 'AUDIO PROTHÉSISTE', NULL, 10, 50, 0, 0),
	('D239', 'ERGOTHÉRAPEUTE', NULL, 10, 50, 0, 0),
	('D240', 'PSYCHOMOTRICIEN', NULL, 10, 50, 0, 0),
	('D242', 'DIÉTÉTICIEN', NULL, 10, 50, 0, 0),
	('D243', 'PSYCHOLOGUE', NULL, 10, 50, 0, 0),
	('D302', 'LABORATOIRE D ANALYSES ET DE BIOLOGIE MÉDICALE', NULL, 10, 50, 0, 0),
	('D303', 'AMBULANCE', NULL, 10, 50, 0, 0),
	('D304', 'TRANSFUSION SANGUINE', NULL, 10, 50, 0, 0),
	('D305', 'ÉTABLISSEMENT THERMAL', NULL, 10, 50, 0, 0),
	('D307', 'PHARMACIE', 27, 9, 50, 1, 1),
	('D401', 'PERSONNES ÂGÉES : HÉBERGEMENT', NULL, 13, 50, 0, 0),
	('D402', 'PERSONNES ÂGÉES : SOINS À DOMICILE', NULL, 9, 50, 0, 0),
	('D403', 'PERSONNES ÂGÉES : SERVICES D\'AIDE', NULL, 9, 50, 0, 0),
	('D404', 'PERSONNES ÂGÉES : FOYERS RESTAURANTS', NULL, 9, 50, 0, 0),
	('D502', 'CRÈCHE', 34, 1, 50, 1, 0),
	('D601', 'ENFANTS HANDICAPÉS : HÉBERGEMENT', NULL, 13, 50, 0, 0),
	('D602', 'ENFANTS HANDICAPÉS : SERVICES À DOMICILE OU AMBULATOIRES', NULL, 9, 50, 0, 0),
	('D603', 'ADULTES HANDICAPÉS : ACCUEIL/HÉBERGEMENT', NULL, 13, 50, 0, 0),
	('D604', 'ADULTES HANDICAPÉS : SERVICES D\'AIDE', NULL, 9, 50, 0, 0),
	('D605', 'TRAVAIL PROTÉGÉ', NULL, 12, 50, 0, 0),
	('D606', 'ADULTES HANDICAPÉS : SERVICES DE SOINS À DOMICILE', NULL, 9, 50, 0, 0),
	('D701', 'AIDE SOCIALE À L\'ENFANCE : HÉBERGEMENT', NULL, 13, 50, 0, 0),
	('D702', 'AIDE SOCIALE À L\'ENFANCE : ACTION ÉDUCATIVE', NULL, 1, 50, 0, 0),
	('D703', 'CHRS : CENTRE D\'HÉBERGEMENT ET DE RÉINSERTION SOCIALE', NULL, 13, 50, 0, 0),
	('D704', 'CENTRE PROVISOIRE D\'HÉBERGEMENT', NULL, 13, 50, 0, 0),
	('D705', 'CENTRE ACCUEIL DEMANDEUR D\'ASILE', NULL, 8, 50, 0, 0),
	('D709', 'AUTRES ÉTABLISSEMENTS POUR ADULTES ET FAMILLES EN DIFFICULTÉ', NULL, 13, 50, 0, 0),
	('E101', 'TAXI-VTC', NULL, 11, 50, 0, 0),
	('E102', 'AÉROPORT', NULL, 11, 50, 0, 0),
	('E107', 'GARE DE VOYAGEURS D\'INTÉRÊT NATIONAL', 32, 11, 50, 1, 0),
	('E108', 'GARE DE VOYAGEURS D\'INTÉRÊT RÉGIONAL', 32, 11, 50, 1, 0),
	('E109', 'GARE DE VOYAGEURS D\'INTÉRÊT LOCAL', 32, 11, 50, 1, 0),
	('F101', 'BASSIN DE NATATION', 10, 4, 50, 1, 0),
	('F102', 'BOULODROME', 10, 4, 50, 0, 0),
	('F103', 'TENNIS', 10, 4, 50, 1, 0),
	('F104', 'ÉQUIPEMENT DE CYCLISME', 10, 4, 50, 1, 0),
	('F105', 'DOMAINE SKIABLE', NULL, 4, 50, 0, 0),
	('F106', 'CENTRE ÉQUESTRE', 10, 4, 50, 1, 0),
	('F107', 'ATHLÉTISME', 10, 4, 50, 1, 0),
	('F108', 'TERRAIN DE GOLF', 10, 4, 50, 1, 0),
	('F109', 'PARCOURS SPORTIF/SANTÉ', 10, 4, 50, 1, 0),
	('F110', 'SPORTS DE GLACE', 10, 4, 50, 1, 0),
	('F111', 'PLATEAUX ET TERRAINS DE JEUX EXTÉRIEURS', NULL, 4, 50, 0, 0),
	('F112', 'SALLES SPÉCIALISÉES', 10, 4, 50, 1, 0),
	('F113', 'TERRAINS DE GRANDS JEUX', 10, 4, 50, 1, 0),
	('F114', 'SALLES DE COMBAT', 10, 4, 50, 1, 0),
	('F116', 'SALLES NON SPÉCIALISÉES', 10, 4, 50, 1, 0),
	('F117', 'ROLLER-SKATE-VÉLO BICROSS OU FREESTYLE', 10, 4, 50, 1, 0),
	('F118', 'SPORTS NAUTIQUES', 10, 4, 50, 0, 0),
	('F119', 'BOWLING', 5, 2, 50, 1, 0),
	('F120', 'SALLES DE REMISE EN FORME', 10, 4, 50, 1, 0),
	('F121', 'SALLES MULTISPORTS (GYMNASES)', 10, 4, 50, 1, 1),
	('F201', 'BAIGNADE AMENAGÉE', 10, 4, 50, 1, 0),
	('F202', 'PORT DE PLAISANCE - MOUILLAGE', NULL, 4, 50, 0, 0),
	('F203', 'BOUCLE DE RANDONNÉE', NULL, 4, 50, 0, 0),
	('F303', 'CINÉMA', 2, 2, 200, 1, 1),
	('F305', 'CONSERVATOIRE', 11, 4, 200, 1, 0),
	('F306', 'THÉÂTRE-ARTS DE RUE-PÔLE CIRQUE', 3, 2, 200, 1, 0),
	('F307', 'BIBLIOTHÈQUE', 20, 2, 200, 1, 1),
	('F308', 'MUSIQUE ET DANSE', 4, 2, 200, 1, 0),
	('F309', 'LIEUX D\'EXPOSITION ET PATRIMOINE', 4, 2, 200, 1, 0),
	('F310', 'JARDINS REMARQUABLES', 55, 2, 200, 1, 0),
	('G101', 'AGENCE DE VOYAGE', NULL, 2, 50, 0, 0),
	('G102', 'HÔTEL', NULL, 2, 50, 0, 0),
	('G103', 'CAMPING', NULL, 2, 50, 0, 0),
	('G104', 'INFORMATION TOURISTIQUE', NULL, 2, 50, 0, 0);
/*!40000 ALTER TABLE `insee_bpe_types` ENABLE KEYS */;

-- Listage de la structure de la table mobility_raw_data. insee_communes_aav_cat
CREATE TABLE IF NOT EXISTS `insee_communes_aav_cat` (
  `cat_code` varchar(50) NOT NULL DEFAULT '',
  `cat_name` varchar(50) DEFAULT NULL,
  `source` varchar(50) DEFAULT 'AAV_2020',
  PRIMARY KEY (`cat_code`) USING BTREE
) ENGINE=InnoDB DEFAULT CHARSET=utf8;

-- Listage des données de la table mobility_raw_data.insee_communes_aav_cat : ~4 rows (environ)
/*!40000 ALTER TABLE `insee_communes_aav_cat` DISABLE KEYS */;
INSERT INTO `insee_communes_aav_cat` (`cat_code`, `cat_name`, `source`) VALUES
	('11', 'Commune-centre', 'AAV_2020'),
	('12', 'Autre commune du pôle principal', 'AAV_2020'),
	('13', 'Commune d\'un pôle secondaire', 'AAV_2020'),
	('20', 'Commune de la couronne', 'AAV_2020'),
	('30', 'Commune hors attraction des pôles', 'AAV_2020');
/*!40000 ALTER TABLE `insee_communes_aav_cat` ENABLE KEYS */;

-- Listage de la structure de la table mobility_raw_data. insee_communes_density_types
CREATE TABLE IF NOT EXISTS `insee_communes_density_types` (
  `type_code` varchar(50) NOT NULL DEFAULT '',
  `type_name` varchar(50) DEFAULT NULL,
  `source` varchar(50) DEFAULT 'density_2020',
  PRIMARY KEY (`type_code`) USING BTREE
) ENGINE=InnoDB DEFAULT CHARSET=utf8 ROW_FORMAT=DYNAMIC;

-- Listage des données de la table mobility_raw_data.insee_communes_density_types : ~3 rows (environ)
/*!40000 ALTER TABLE `insee_communes_density_types` DISABLE KEYS */;
INSERT INTO `insee_communes_density_types` (`type_code`, `type_name`, `source`) VALUES
	('1', 'communes densément peuplées', 'density_2020'),
	('2', 'communes de densité intermédiaire', 'density_2020'),
	('3', 'communes peu denses', 'density_2020'),
	('4', 'communes très peu denses', 'density_2020');
/*!40000 ALTER TABLE `insee_communes_density_types` ENABLE KEYS */;

-- Listage de la structure de la table mobility_raw_data. insee_communes_status_types
CREATE TABLE IF NOT EXISTS `insee_communes_status_types` (
  `type_code` varchar(50) NOT NULL DEFAULT '',
  `type_name` varchar(50) DEFAULT NULL,
  `source` varchar(50) DEFAULT 'UU_2020',
  PRIMARY KEY (`type_code`) USING BTREE
) ENGINE=InnoDB DEFAULT CHARSET=utf8 ROW_FORMAT=DYNAMIC;

-- Listage des données de la table mobility_raw_data.insee_communes_status_types : ~4 rows (environ)
/*!40000 ALTER TABLE `insee_communes_status_types` DISABLE KEYS */;
INSERT INTO `insee_communes_status_types` (`type_code`, `type_name`, `source`) VALUES
	('B', 'Banlieue', 'UU_2020'),
	('C', 'Ville-centre', 'UU_2020'),
	('H', 'Hors unité urbaine', 'UU_2020'),
	('I', 'Ville isolée', 'UU_2020');
/*!40000 ALTER TABLE `insee_communes_status_types` ENABLE KEYS */;

-- Listage de la structure de la table mobility_raw_data. modes
CREATE TABLE IF NOT EXISTS `modes` (
  `id` int(11) NOT NULL,
  `name` varchar(50) DEFAULT NULL,
  `name_fr` varchar(50) DEFAULT NULL,
  `ghg_emissions_factor` float DEFAULT NULL,
  `cost_factor` float DEFAULT NULL,
  PRIMARY KEY (`id`)
) ENGINE=InnoDB DEFAULT CHARSET=utf8;

-- Listage des données de la table mobility_raw_data.modes : ~5 rows (environ)
/*!40000 ALTER TABLE `modes` DISABLE KEYS */;
INSERT INTO `modes` (`id`, `name`, `name_fr`, `ghg_emissions_factor`, `cost_factor`) VALUES
	(1, 'walk', 'à pied', 0, 0),
	(2, 'bike', 'vélo', 0, 0),
	(3, 'motorbike', 'moto', 0.0791, 0),
	(4, 'car', 'voiture', 0.193, 0.09495),
	(5, 'car passenger', 'voiture passager', 0.193, 0.09495),
	(6, 'public transport', 'transport en commun', 0.15, 0),
	(7, 'other', 'autre', NULL, NULL);
/*!40000 ALTER TABLE `modes` ENABLE KEYS */;

-- Listage de la structure de la table mobility_raw_data. modes_detailed
CREATE TABLE IF NOT EXISTS `modes_detailed` (
  `id` int(11) NOT NULL AUTO_INCREMENT,
  `id_main_mode` int(11) NOT NULL,
  `name` varchar(50) DEFAULT NULL,
  `name_fr` varchar(50) DEFAULT NULL,
  `ghg_emissions_factor` float DEFAULT NULL,
  `ghg_emissions_factor_source` varchar(255) DEFAULT NULL,
  `cost_factor` float DEFAULT NULL,
  PRIMARY KEY (`id`) USING BTREE
) ENGINE=InnoDB AUTO_INCREMENT=23 DEFAULT CHARSET=utf8 ROW_FORMAT=DYNAMIC;

-- Listage des données de la table mobility_raw_data.modes_detailed : ~20 rows (environ)
/*!40000 ALTER TABLE `modes_detailed` DISABLE KEYS */;
INSERT INTO `modes_detailed` (`id`, `id_main_mode`, `name`, `name_fr`, `ghg_emissions_factor`, `ghg_emissions_factor_source`, `cost_factor`) VALUES
	(1, 1, 'walk', 'à pied', 0, NULL, NULL),
	(2, 2, 'bike', 'vélo', 0, NULL, NULL),
	(3, 3, 'motorbike', 'moto', 0.0763, 'Base carbone ADEME - Moto, cyclomoteur / Mixte rural & urbain (2018)', NULL),
	(4, 4, 'car', 'voiture', 0.105, 'Jean Coldefy', 0.09495),
	(5, 5, 'car passenger', 'voiture passager', 0.105, 'Jean Coldefy', 0.09495),
	(6, 6, 'urban public transport (default)', 'autre transport en commun urbain (par défaut)', 0.075, 'Jean Coldefy', 0),
	(7, 7, 'other', 'autre', NULL, NULL, NULL),
	(8, 2, 'electric bike', 'vélo à assistance électrique', 0.011, 'Base carbone ADEME (2020)', NULL),
	(9, 7, 'electric scooter', 'trottinette électrique', 0.025, 'Base carbone ADEME (2020)', NULL),
	(10, 6, 'urban bus', 'bus urbain', 0.075, 'Jean Coldefy', NULL),
	(11, 6, 'tramway, subway', 'tramway, métro', 0.005, 'Jean Coldefy', NULL),
	(12, 6, 'urban electric bus', 'bus urbain électrique', 0.015, 'Jean Coldefy', NULL),
	(13, 6, 'not urban bus', 'bus hors urbain', 0.03, 'Base carbone ADEME - Autocar (2020)', NULL),
	(14, 6, 'regional express train', 'TER', 0.03, 'Base Carbone ADEME (2019)', NULL),
	(15, 6, 'high speed train', 'TGV', 0.003, 'Base Carbone ADEME (2019)', NULL),
	(16, 7, 'plane', 'avion', 0.13, 'Jean Coldefy', NULL),
	(17, 7, 'river shuttle', 'navette fluviale', 0.064, 'Base carbone ADEME (2009)', NULL),
	(18, 7, 'taxi', 'taxi', 0.156, 'Base carbone ADEME - voiture moyenne courte distance (2018)', NULL),
	(19, 7, 'van', 'camionnette', 0.156, 'Base carbone ADEME - voiture moyenne courte distance (2018)', NULL),
	(21, 6, 'not urban public transport (default)', 'transport en commun non urbain (par défaut)', 0.03, 'Base carbone ADEME - Autocar (2020)', NULL);
/*!40000 ALTER TABLE `modes_detailed` ENABLE KEYS */;

-- Listage de la structure de la table mobility_raw_data. reasons
CREATE TABLE IF NOT EXISTS `reasons` (
  `id` int(11) NOT NULL AUTO_INCREMENT,
  `name` varchar(50) DEFAULT NULL,
  `name_fr` varchar(50) DEFAULT NULL,
  `rank_main_activity` int(11) DEFAULT NULL,
  PRIMARY KEY (`id`)
) ENGINE=InnoDB AUTO_INCREMENT=12 DEFAULT CHARSET=utf8;

-- Listage des données de la table mobility_raw_data.reasons : ~9 rows (environ)
/*!40000 ALTER TABLE `reasons` DISABLE KEYS */;
INSERT INTO `reasons` (`id`, `name`, `name_fr`, `rank_main_activity`) VALUES
	(1, 'work', 'travail', 1),
	(2, 'education', 'études', 2),
	(3, 'shopping', 'achats', 3),
	(4, 'services', 'affaires personnelles', 4),
	(5, 'leisure', 'loisirs', 5),
	(6, 'visits', 'visites', 6),
	(7, 'accompany', 'accompagnement', 7),
	(8, 'other', 'autre', 8),
	(10, 'home', 'domicile', 9);
/*!40000 ALTER TABLE `reasons` ENABLE KEYS */;

-- Listage de la structure de la table mobility_raw_data. types
CREATE TABLE IF NOT EXISTS `types` (
  `id` int(11) NOT NULL AUTO_INCREMENT,
  `name` varchar(50) DEFAULT NULL,
  `id_category` int(11) DEFAULT NULL,
  PRIMARY KEY (`id`)
) ENGINE=InnoDB AUTO_INCREMENT=59 DEFAULT CHARSET=utf8;

-- Listage des données de la table mobility_raw_data.types : ~57 rows (environ)
/*!40000 ALTER TABLE `types` DISABLE KEYS */;
INSERT INTO `types` (`id`, `name`, `id_category`) VALUES
	(1, 'school', 1),
	(2, 'cinema', 2),
	(3, 'theatre', 2),
	(4, 'arts centre', 2),
	(5, 'bowling', 2),
	(6, 'restaurant', 3),
	(7, 'fast food', 3),
	(8, 'bar', 3),
	(9, 'cafe', 3),
	(10, 'sport', 4),
	(11, 'music', 4),
	(12, 'community centre', 4),
	(13, 'supermarket', 5),
	(14, 'convenience store', 5),
	(15, 'bakery', 5),
	(16, 'market', 5),
	(17, 'focused shops common', 5),
	(18, 'clothes shop', 6),
	(19, 'book store', 6),
	(20, 'library', 2),
	(21, 'hairdresser', 7),
	(22, 'beauty', 7),
	(23, 'massage', 7),
	(24, 'bank', 7),
	(25, 'post office', 7),
	(26, 'townhall', 8),
	(27, 'pharmacy', 9),
	(28, 'doctor', 9),
	(29, 'dentist', 10),
	(30, 'clinic', 10),
	(31, 'hospital', 10),
	(32, 'railway station', 11),
	(33, 'primary school', 1),
	(34, 'kindergarten', 1),
	(35, 'pre school', 1),
	(36, 'secondary school', 1),
	(37, 'high school', 1),
	(38, 'police', 8),
	(39, 'justice', 8),
	(40, 'public administration', 8),
	(41, 'funerary', 7),
	(42, 'garage', 7),
	(43, 'driving school', 7),
	(44, 'car rental', 7),
	(45, 'temporary employment agency', 7),
	(46, 'veterinary', 7),
	(47, 'hardware store', 6),
	(48, 'specialized shops', 6),
	(49, 'laundry', 7),
	(50, 'real estate agency', 7),
	(51, 'flower shop', 6),
	(52, 'home shop', 6),
	(53, 'optician', 6),
	(54, 'nurse', 9),
	(55, 'garden', 2),
	(56, 'gas station', 7),
	(57, 'stop', 11),
	(58, 'university', 1);
/*!40000 ALTER TABLE `types` ENABLE KEYS */;

/*!40101 SET SQL_MODE=IFNULL(@OLD_SQL_MODE, '') */;
/*!40014 SET FOREIGN_KEY_CHECKS=IFNULL(@OLD_FOREIGN_KEY_CHECKS, 1) */;
/*!40101 SET CHARACTER_SET_CLIENT=@OLD_CHARACTER_SET_CLIENT */;
/*!40111 SET SQL_NOTES=IFNULL(@OLD_SQL_NOTES, 1) */;
